-- phpMyAdmin SQL Dump
-- version 3.4.10.1deb1
-- http://www.phpmyadmin.net
--
-- Servidor: localhost
-- Tempo de Geração: 26/06/2014 às 01h17min
-- Versão do Servidor: 5.5.37
-- Versão do PHP: 5.3.10-1ubuntu3.11

SET SQL_MODE="NO_AUTO_VALUE_ON_ZERO";
SET time_zone = "+00:00";


/*!40101 SET @OLD_CHARACTER_SET_CLIENT=@@CHARACTER_SET_CLIENT */;
/*!40101 SET @OLD_CHARACTER_SET_RESULTS=@@CHARACTER_SET_RESULTS */;
/*!40101 SET @OLD_COLLATION_CONNECTION=@@COLLATION_CONNECTION */;
/*!40101 SET NAMES utf8 */;

--
-- Banco de Dados: `caroll_db`

CREATE SCHEMA IF NOT EXISTS `caroll_db` DEFAULT CHARACTER SET utf8 COLLATE utf8_general_ci ;
USE `caroll_db` ;

-- --------------------------------------------------------

--
-- Estrutura da tabela `Favorito`
--

CREATE TABLE IF NOT EXISTS `Favorito` (
  `idFavorito` int(11) NOT NULL AUTO_INCREMENT,
  `Tweet_idTweet` int(11) NOT NULL,
  `Usuario_idUsuario` int(11) NOT NULL,
  PRIMARY KEY (`idFavorito`,`Tweet_idTweet`,`Usuario_idUsuario`),
  KEY `fk_Favorito_Tweet1_idx` (`Tweet_idTweet`),
  KEY `fk_Favorito_Usuario1_idx` (`Usuario_idUsuario`)
) ENGINE=InnoDB DEFAULT CHARSET=utf8 AUTO_INCREMENT=1 ;

-- --------------------------------------------------------

--
-- Estrutura da tabela `Hashtag`
--

CREATE TABLE IF NOT EXISTS `Hashtag` (
  `idHashtag` int(11) NOT NULL AUTO_INCREMENT,
  `dadoHashtag` varchar(140) NOT NULL,
  PRIMARY KEY (`idHashtag`)
) ENGINE=InnoDB  DEFAULT CHARSET=utf8 AUTO_INCREMENT=90 ;

--
-- Extraindo dados da tabela `Hashtag`
--

INSERT INTO `Hashtag` (`idHashtag`, `dadoHashtag`) VALUES
(1, 'CSRRacing'),
(2, 'paintjob'),
(3, 'android'),
(4, 'androidgames'),
(5, 'gameinsight'),
(6, 'iphone'),
(7, 'iphonegames'),
(8, 'gameinsightBR'),
(9, 'SSTALENT1D'),
(10, 'BrazilIsWaitingForChloeMoretz'),
(11, 'MicroUsb'),
(12, 'Tablet'),
(13, 'Celular'),
(14, 'Iphone'),
(15, 'SSTALENT1D'),
(16, 'SSTALENT1D'),
(17, 'mobilidade'),
(18, 'smartphone'),
(19, 'celular'),
(20, 'mobilidade'),
(21, 'smartphone'),
(22, 'celular'),
(23, 'iPad'),
(24, 'iPadGames'),
(25, 'GameInsight'),
(26, 'SSTALENT1D'),
(27, 'mobilidade'),
(28, 'smartphone'),
(29, 'celular'),
(30, 'mobilidade'),
(31, 'smartphone'),
(32, 'celular'),
(33, 'SSTALENT1D'),
(34, 'mobilidade'),
(35, 'smartphone'),
(36, 'celular'),
(37, 'mobilidade'),
(38, 'smartphone'),
(39, 'celular'),
(40, 'SSTALENT1D'),
(41, 'mobilidade'),
(42, 'smartphone'),
(43, 'celular'),
(44, 'mobilidade'),
(45, 'smartphone'),
(46, 'celular'),
(47, 'ipad'),
(48, 'ipadgames'),
(49, 'gameinsight'),
(50, 'SSTALENT1D'),
(51, 'mobilidade'),
(52, 'smartphone'),
(53, 'celular'),
(54, 'mobilidade'),
(55, 'smartphone'),
(56, 'celular'),
(57, 'SSTALENT1D'),
(58, 'mobilidade'),
(59, 'smartphone'),
(60, 'celular'),
(61, 'mobilidade'),
(62, 'smartphone'),
(63, 'celular'),
(64, 'SSTALENT1D'),
(65, 'mobilidade'),
(66, 'smartphone'),
(67, 'celular'),
(68, 'mobilidade'),
(69, 'smartphone'),
(70, 'celular'),
(71, 'SSTALENT1D'),
(72, 'mobilidade'),
(73, 'smartphone'),
(74, 'celular'),
(75, 'iPad'),
(76, 'iPadGames'),
(77, 'GameInsight'),
(78, 'SSTALENT1D'),
(79, 'mobilidade'),
(80, 'smartphone'),
(81, 'celular'),
(82, 'SSTALENT1D'),
(83, 'mobilidade'),
(84, 'smartphone'),
(85, 'celular'),
(86, 'SSTALENT1D'),
(87, 'mobilidade'),
(88, 'smartphone'),
(89, 'celular');

-- --------------------------------------------------------

--
-- Estrutura da tabela `Hashtag_has_Tweet`
--

CREATE TABLE IF NOT EXISTS `Hashtag_has_Tweet` (
  `Hashtag_idHashtag` int(11) NOT NULL DEFAULT '0',
  `Tweet_idTweet` int(11) NOT NULL,
  PRIMARY KEY (`Hashtag_idHashtag`,`Tweet_idTweet`),
  KEY `fk_Hashtag_has_Tweet_Tweet1_idx` (`Tweet_idTweet`),
  KEY `fk_Hashtag_has_Tweet_Hashtag1_idx` (`Hashtag_idHashtag`)
) ENGINE=InnoDB DEFAULT CHARSET=utf8;

--
-- Extraindo dados da tabela `Hashtag_has_Tweet`
--

INSERT INTO `Hashtag_has_Tweet` (`Hashtag_idHashtag`, `Tweet_idTweet`) VALUES
(1, 1),
(2, 1),
(3, 2),
(4, 2),
(5, 2),
(6, 10),
(7, 10),
(8, 10),
(9, 36),
(10, 41),
(11, 49),
(12, 49),
(13, 49),
(14, 49),
(15, 90),
(16, 101),
(17, 109),
(18, 109),
(19, 109),
(20, 114),
(21, 114),
(22, 114),
(23, 124),
(24, 124),
(25, 124),
(26, 144),
(27, 152),
(28, 152),
(29, 152),
(30, 157),
(31, 157),
(32, 157),
(33, 186),
(34, 194),
(35, 194),
(36, 194),
(37, 199),
(38, 199),
(39, 199),
(40, 228),
(41, 236),
(42, 236),
(43, 236),
(44, 241),
(45, 241),
(46, 241),
(47, 251),
(48, 251),
(49, 251),
(50, 271),
(51, 280),
(52, 280),
(53, 280),
(54, 285),
(55, 285),
(56, 285),
(57, 314),
(58, 324),
(59, 324),
(60, 324),
(61, 328),
(62, 328),
(63, 328),
(64, 358),
(65, 368),
(66, 368),
(67, 368),
(68, 373),
(69, 373),
(70, 373),
(71, 402),
(72, 416),
(73, 416),
(74, 416),
(75, 425),
(76, 425),
(77, 425),
(78, 446),
(79, 460),
(80, 460),
(81, 460),
(82, 489),
(83, 503),
(84, 503),
(85, 503),
(86, 532),
(87, 546),
(88, 546),
(89, 546);

-- --------------------------------------------------------

--
-- Estrutura da tabela `Local`
--

CREATE TABLE IF NOT EXISTS `Local` (
  `idLocal` int(11) NOT NULL AUTO_INCREMENT,
  `latitudeLocal` double DEFAULT NULL,
  `longitudeLocal` double DEFAULT NULL,
  `cidadeLocal` varchar(45) DEFAULT NULL,
  `estadoLocal` varchar(45) DEFAULT NULL,
  `paisLocal` varchar(45) DEFAULT NULL,
  `Tweet_idTweet` int(11) NOT NULL,
  PRIMARY KEY (`idLocal`,`Tweet_idTweet`),
  KEY `fk_Local_Tweet1_idx` (`Tweet_idTweet`)
) ENGINE=InnoDB  DEFAULT CHARSET=utf8 AUTO_INCREMENT=559 ;

--
-- Extraindo dados da tabela `Local`
--

INSERT INTO `Local` (`idLocal`, `latitudeLocal`, `longitudeLocal`, `cidadeLocal`, `estadoLocal`, `paisLocal`, `Tweet_idTweet`) VALUES
(1, 0, 0, NULL, NULL, NULL, 1),
(2, 0, 0, NULL, NULL, NULL, 2),
(3, 0, 0, NULL, NULL, NULL, 3),
(4, 0, 0, NULL, NULL, NULL, 4),
(5, 0, 0, NULL, NULL, NULL, 5),
(6, 0, 0, NULL, NULL, NULL, 6),
(7, 0, 0, NULL, NULL, NULL, 7),
(8, 0, 0, NULL, NULL, NULL, 8),
(9, 0, 0, NULL, NULL, NULL, 9),
(10, 0, 0, NULL, NULL, NULL, 10),
(11, 0, 0, NULL, NULL, NULL, 12),
(12, 0, 0, NULL, NULL, NULL, 13),
(13, 0, 0, NULL, NULL, NULL, 14),
(14, 0, 0, NULL, NULL, NULL, 15),
(15, 0, 0, NULL, NULL, NULL, 16),
(16, 0, 0, NULL, NULL, NULL, 17),
(17, 0, 0, NULL, NULL, NULL, 18),
(18, 0, 0, NULL, NULL, NULL, 19),
(19, 0, 0, NULL, NULL, NULL, 20),
(20, 0, 0, NULL, NULL, NULL, 21),
(21, 0, 0, NULL, NULL, NULL, 22),
(22, 0, 0, NULL, NULL, NULL, 23),
(23, 0, 0, NULL, NULL, NULL, 24),
(24, 0, 0, NULL, NULL, NULL, 25),
(25, 0, 0, NULL, NULL, NULL, 26),
(26, 0, 0, NULL, NULL, NULL, 27),
(27, 0, 0, NULL, NULL, NULL, 28),
(28, 0, 0, NULL, NULL, NULL, 29),
(29, 0, 0, NULL, NULL, NULL, 30),
(30, 0, 0, NULL, NULL, NULL, 31),
(31, 0, 0, NULL, NULL, NULL, 32),
(32, 0, 0, NULL, NULL, NULL, 33),
(33, 0, 0, NULL, NULL, NULL, 34),
(34, 0, 0, NULL, NULL, NULL, 35),
(35, 0, 0, NULL, NULL, NULL, 36),
(36, 0, 0, NULL, NULL, NULL, 37),
(37, 0, 0, NULL, NULL, NULL, 38),
(38, 0, 0, NULL, NULL, NULL, 39),
(39, 0, 0, NULL, NULL, NULL, 40),
(40, 0, 0, NULL, NULL, NULL, 41),
(41, 0, 0, NULL, NULL, NULL, 42),
(42, 0, 0, NULL, NULL, NULL, 43),
(43, 0, 0, NULL, NULL, NULL, 44),
(44, 0, 0, NULL, NULL, NULL, 45),
(45, 0, 0, NULL, NULL, NULL, 46),
(46, 0, 0, NULL, NULL, NULL, 48),
(47, 0, 0, NULL, NULL, NULL, 49),
(48, 0, 0, NULL, NULL, NULL, 50),
(49, 0, 0, NULL, NULL, NULL, 51),
(50, 0, 0, NULL, NULL, NULL, 52),
(51, 0, 0, NULL, NULL, NULL, 53),
(52, 0, 0, NULL, NULL, NULL, 54),
(53, 0, 0, NULL, NULL, NULL, 55),
(54, 0, 0, NULL, NULL, NULL, 56),
(55, 0, 0, NULL, NULL, NULL, 57),
(56, 0, 0, NULL, NULL, NULL, 58),
(57, 0, 0, NULL, NULL, NULL, 59),
(58, 0, 0, NULL, NULL, NULL, 60),
(59, 0, 0, NULL, NULL, NULL, 61),
(60, 0, 0, NULL, NULL, NULL, 62),
(61, 0, 0, NULL, NULL, NULL, 63),
(62, 0, 0, NULL, NULL, NULL, 64),
(63, 0, 0, NULL, NULL, NULL, 65),
(64, 0, 0, NULL, NULL, NULL, 66),
(65, 0, 0, NULL, NULL, NULL, 67),
(66, 0, 0, NULL, NULL, NULL, 68),
(67, 0, 0, NULL, NULL, NULL, 69),
(68, 0, 0, NULL, NULL, NULL, 70),
(69, 0, 0, NULL, NULL, NULL, 71),
(70, 0, 0, NULL, NULL, NULL, 72),
(71, 0, 0, NULL, NULL, NULL, 73),
(72, 0, 0, NULL, NULL, NULL, 74),
(73, 0, 0, NULL, NULL, NULL, 75),
(74, 0, 0, NULL, NULL, NULL, 76),
(75, 0, 0, NULL, NULL, NULL, 77),
(76, 0, 0, NULL, NULL, NULL, 78),
(77, 0, 0, NULL, NULL, NULL, 79),
(78, 0, 0, NULL, NULL, NULL, 80),
(79, 0, 0, NULL, NULL, NULL, 81),
(80, 0, 0, NULL, NULL, NULL, 82),
(81, 0, 0, NULL, NULL, NULL, 83),
(82, 0, 0, NULL, NULL, NULL, 84),
(83, 0, 0, NULL, NULL, NULL, 85),
(84, 0, 0, NULL, NULL, NULL, 86),
(85, 0, 0, NULL, NULL, NULL, 87),
(86, 0, 0, NULL, NULL, NULL, 88),
(87, 0, 0, NULL, NULL, NULL, 89),
(88, 0, 0, NULL, NULL, NULL, 90),
(89, 0, 0, NULL, NULL, NULL, 91),
(90, 0, 0, NULL, NULL, NULL, 92),
(91, 0, 0, NULL, NULL, NULL, 93),
(92, 0, 0, NULL, NULL, NULL, 94),
(93, 0, 0, NULL, NULL, NULL, 95),
(94, 0, 0, NULL, NULL, NULL, 96),
(95, 0, 0, NULL, NULL, NULL, 97),
(96, 0, 0, NULL, NULL, NULL, 98),
(97, 0, 0, NULL, NULL, NULL, 99),
(98, 0, 0, NULL, NULL, NULL, 100),
(99, 0, 0, NULL, NULL, NULL, 101),
(100, 0, 0, NULL, NULL, NULL, 102),
(101, 0, 0, NULL, NULL, NULL, 103),
(102, 0, 0, NULL, NULL, NULL, 104),
(103, 0, 0, NULL, NULL, NULL, 105),
(104, 0, 0, NULL, NULL, NULL, 106),
(105, 0, 0, NULL, NULL, NULL, 108),
(106, 0, 0, NULL, NULL, NULL, 109),
(107, 0, 0, NULL, NULL, NULL, 110),
(108, 0, 0, NULL, NULL, NULL, 111),
(109, 0, 0, NULL, NULL, NULL, 112),
(110, 0, 0, NULL, NULL, NULL, 113),
(111, 0, 0, NULL, NULL, NULL, 114),
(112, 0, 0, NULL, NULL, NULL, 115),
(113, 0, 0, NULL, NULL, NULL, 116),
(114, 0, 0, NULL, NULL, NULL, 117),
(115, 0, 0, NULL, NULL, NULL, 118),
(116, 0, 0, NULL, NULL, NULL, 119),
(117, 0, 0, NULL, NULL, NULL, 120),
(118, 0, 0, NULL, NULL, NULL, 121),
(119, 0, 0, NULL, NULL, NULL, 122),
(120, 0, 0, NULL, NULL, NULL, 123),
(121, 0, 0, NULL, NULL, NULL, 124),
(122, 0, 0, NULL, NULL, NULL, 125),
(123, 0, 0, NULL, NULL, NULL, 126),
(124, 0, 0, NULL, NULL, NULL, 127),
(125, 0, 0, NULL, NULL, NULL, 128),
(126, 0, 0, NULL, NULL, NULL, 129),
(127, 0, 0, NULL, NULL, NULL, 130),
(128, 0, 0, NULL, NULL, NULL, 131),
(129, 0, 0, NULL, NULL, NULL, 132),
(130, 0, 0, NULL, NULL, NULL, 133),
(131, 0, 0, NULL, NULL, NULL, 134),
(132, 0, 0, NULL, NULL, NULL, 135),
(133, 0, 0, NULL, NULL, NULL, 136),
(134, 0, 0, NULL, NULL, NULL, 137),
(135, 0, 0, NULL, NULL, NULL, 138),
(136, 0, 0, NULL, NULL, NULL, 139),
(137, 0, 0, NULL, NULL, NULL, 140),
(138, 0, 0, NULL, NULL, NULL, 141),
(139, 0, 0, NULL, NULL, NULL, 142),
(140, 0, 0, NULL, NULL, NULL, 143),
(141, 0, 0, NULL, NULL, NULL, 144),
(142, 0, 0, NULL, NULL, NULL, 145),
(143, 0, 0, NULL, NULL, NULL, 146),
(144, 0, 0, NULL, NULL, NULL, 147),
(145, 0, 0, NULL, NULL, NULL, 148),
(146, 0, 0, NULL, NULL, NULL, 149),
(147, 0, 0, NULL, NULL, NULL, 151),
(148, 0, 0, NULL, NULL, NULL, 152),
(149, 0, 0, NULL, NULL, NULL, 153),
(150, 0, 0, NULL, NULL, NULL, 154),
(151, 0, 0, NULL, NULL, NULL, 155),
(152, 0, 0, NULL, NULL, NULL, 156),
(153, 0, 0, NULL, NULL, NULL, 157),
(154, 0, 0, NULL, NULL, NULL, 158),
(155, 0, 0, NULL, NULL, NULL, 159),
(156, 0, 0, NULL, NULL, NULL, 160),
(157, 0, 0, NULL, NULL, NULL, 161),
(158, 0, 0, NULL, NULL, NULL, 162),
(159, 0, 0, NULL, NULL, NULL, 163),
(160, 0, 0, NULL, NULL, NULL, 164),
(161, 0, 0, NULL, NULL, NULL, 165),
(162, 0, 0, NULL, NULL, NULL, 166),
(163, 0, 0, NULL, NULL, NULL, 167),
(164, 0, 0, NULL, NULL, NULL, 168),
(165, 0, 0, NULL, NULL, NULL, 169),
(166, 0, 0, NULL, NULL, NULL, 170),
(167, 0, 0, NULL, NULL, NULL, 171),
(168, 0, 0, NULL, NULL, NULL, 172),
(169, 0, 0, NULL, NULL, NULL, 173),
(170, 0, 0, NULL, NULL, NULL, 174),
(171, 0, 0, NULL, NULL, NULL, 175),
(172, 0, 0, NULL, NULL, NULL, 176),
(173, 0, 0, NULL, NULL, NULL, 177),
(174, 0, 0, NULL, NULL, NULL, 178),
(175, 0, 0, NULL, NULL, NULL, 179),
(176, 0, 0, NULL, NULL, NULL, 180),
(177, 0, 0, NULL, NULL, NULL, 181),
(178, 0, 0, NULL, NULL, NULL, 182),
(179, 0, 0, NULL, NULL, NULL, 183),
(180, 0, 0, NULL, NULL, NULL, 184),
(181, 0, 0, NULL, NULL, NULL, 185),
(182, 0, 0, NULL, NULL, NULL, 186),
(183, 0, 0, NULL, NULL, NULL, 187),
(184, 0, 0, NULL, NULL, NULL, 188),
(185, 0, 0, NULL, NULL, NULL, 189),
(186, 0, 0, NULL, NULL, NULL, 190),
(187, 0, 0, NULL, NULL, NULL, 191),
(188, 0, 0, NULL, NULL, NULL, 193),
(189, 0, 0, NULL, NULL, NULL, 194),
(190, 0, 0, NULL, NULL, NULL, 195),
(191, 0, 0, NULL, NULL, NULL, 196),
(192, 0, 0, NULL, NULL, NULL, 197),
(193, 0, 0, NULL, NULL, NULL, 198),
(194, 0, 0, NULL, NULL, NULL, 199),
(195, 0, 0, NULL, NULL, NULL, 200),
(196, 0, 0, NULL, NULL, NULL, 201),
(197, 0, 0, NULL, NULL, NULL, 202),
(198, 0, 0, NULL, NULL, NULL, 203),
(199, 0, 0, NULL, NULL, NULL, 204),
(200, 0, 0, NULL, NULL, NULL, 205),
(201, 0, 0, NULL, NULL, NULL, 206),
(202, 0, 0, NULL, NULL, NULL, 207),
(203, 0, 0, NULL, NULL, NULL, 208),
(204, 0, 0, NULL, NULL, NULL, 209),
(205, 0, 0, NULL, NULL, NULL, 210),
(206, 0, 0, NULL, NULL, NULL, 211),
(207, 0, 0, NULL, NULL, NULL, 212),
(208, 0, 0, NULL, NULL, NULL, 213),
(209, 0, 0, NULL, NULL, NULL, 214),
(210, 0, 0, NULL, NULL, NULL, 215),
(211, 0, 0, NULL, NULL, NULL, 216),
(212, 0, 0, NULL, NULL, NULL, 217),
(213, 0, 0, NULL, NULL, NULL, 218),
(214, 0, 0, NULL, NULL, NULL, 219),
(215, 0, 0, NULL, NULL, NULL, 220),
(216, 0, 0, NULL, NULL, NULL, 221),
(217, 0, 0, NULL, NULL, NULL, 222),
(218, 0, 0, NULL, NULL, NULL, 223),
(219, 0, 0, NULL, NULL, NULL, 224),
(220, 0, 0, NULL, NULL, NULL, 225),
(221, 0, 0, NULL, NULL, NULL, 226),
(222, 0, 0, NULL, NULL, NULL, 227),
(223, 0, 0, NULL, NULL, NULL, 228),
(224, 0, 0, NULL, NULL, NULL, 229),
(225, 0, 0, NULL, NULL, NULL, 230),
(226, 0, 0, NULL, NULL, NULL, 231),
(227, 0, 0, NULL, NULL, NULL, 232),
(228, 0, 0, NULL, NULL, NULL, 233),
(229, 0, 0, NULL, NULL, NULL, 235),
(230, 0, 0, NULL, NULL, NULL, 236),
(231, 0, 0, NULL, NULL, NULL, 237),
(232, 0, 0, NULL, NULL, NULL, 238),
(233, 0, 0, NULL, NULL, NULL, 239),
(234, 0, 0, NULL, NULL, NULL, 240),
(235, 0, 0, NULL, NULL, NULL, 241),
(236, 0, 0, NULL, NULL, NULL, 242),
(237, 0, 0, NULL, NULL, NULL, 243),
(238, 0, 0, NULL, NULL, NULL, 244),
(239, 0, 0, NULL, NULL, NULL, 245),
(240, 0, 0, NULL, NULL, NULL, 246),
(241, 0, 0, NULL, NULL, NULL, 247),
(242, 0, 0, NULL, NULL, NULL, 248),
(243, 0, 0, NULL, NULL, NULL, 249),
(244, 0, 0, NULL, NULL, NULL, 250),
(245, 0, 0, NULL, NULL, NULL, 251),
(246, 0, 0, NULL, NULL, NULL, 252),
(247, 0, 0, NULL, NULL, NULL, 253),
(248, 0, 0, NULL, NULL, NULL, 254),
(249, 0, 0, NULL, NULL, NULL, 255),
(250, 0, 0, NULL, NULL, NULL, 256),
(251, 0, 0, NULL, NULL, NULL, 257),
(252, 0, 0, NULL, NULL, NULL, 258),
(253, 0, 0, NULL, NULL, NULL, 259),
(254, 0, 0, NULL, NULL, NULL, 260),
(255, 0, 0, NULL, NULL, NULL, 261),
(256, 0, 0, NULL, NULL, NULL, 262),
(257, 0, 0, NULL, NULL, NULL, 263),
(258, 0, 0, NULL, NULL, NULL, 264),
(259, 0, 0, NULL, NULL, NULL, 265),
(260, 0, 0, NULL, NULL, NULL, 266),
(261, 0, 0, NULL, NULL, NULL, 267),
(262, 0, 0, NULL, NULL, NULL, 268),
(263, 0, 0, NULL, NULL, NULL, 269),
(264, 0, 0, NULL, NULL, NULL, 270),
(265, 0, 0, NULL, NULL, NULL, 271),
(266, 0, 0, NULL, NULL, NULL, 272),
(267, 0, 0, NULL, NULL, NULL, 273),
(268, 0, 0, NULL, NULL, NULL, 274),
(269, 0, 0, NULL, NULL, NULL, 275),
(270, 0, 0, NULL, NULL, NULL, 276),
(271, 0, 0, NULL, NULL, NULL, 277),
(272, 0, 0, NULL, NULL, NULL, 279),
(273, 0, 0, NULL, NULL, NULL, 280),
(274, 0, 0, NULL, NULL, NULL, 281),
(275, 0, 0, NULL, NULL, NULL, 282),
(276, 0, 0, NULL, NULL, NULL, 283),
(277, 0, 0, NULL, NULL, NULL, 284),
(278, 0, 0, NULL, NULL, NULL, 285),
(279, 0, 0, NULL, NULL, NULL, 286),
(280, 0, 0, NULL, NULL, NULL, 287),
(281, 0, 0, NULL, NULL, NULL, 288),
(282, 0, 0, NULL, NULL, NULL, 289),
(283, 0, 0, NULL, NULL, NULL, 290),
(284, 0, 0, NULL, NULL, NULL, 291),
(285, 0, 0, NULL, NULL, NULL, 292),
(286, 0, 0, NULL, NULL, NULL, 293),
(287, 0, 0, NULL, NULL, NULL, 294),
(288, 0, 0, NULL, NULL, NULL, 295),
(289, 0, 0, NULL, NULL, NULL, 296),
(290, 0, 0, NULL, NULL, NULL, 297),
(291, 0, 0, NULL, NULL, NULL, 298),
(292, 0, 0, NULL, NULL, NULL, 299),
(293, 0, 0, NULL, NULL, NULL, 300),
(294, 0, 0, NULL, NULL, NULL, 301),
(295, 0, 0, NULL, NULL, NULL, 302),
(296, 0, 0, NULL, NULL, NULL, 303),
(297, 0, 0, NULL, NULL, NULL, 304),
(298, 0, 0, NULL, NULL, NULL, 305),
(299, 0, 0, NULL, NULL, NULL, 306),
(300, 0, 0, NULL, NULL, NULL, 307),
(301, 0, 0, NULL, NULL, NULL, 308),
(302, 0, 0, NULL, NULL, NULL, 309),
(303, 0, 0, NULL, NULL, NULL, 310),
(304, 0, 0, NULL, NULL, NULL, 311),
(305, 0, 0, NULL, NULL, NULL, 312),
(306, 0, 0, NULL, NULL, NULL, 313),
(307, 0, 0, NULL, NULL, NULL, 314),
(308, 0, 0, NULL, NULL, NULL, 315),
(309, 0, 0, NULL, NULL, NULL, 316),
(310, 0, 0, NULL, NULL, NULL, 317),
(311, 0, 0, NULL, NULL, NULL, 318),
(312, 0, 0, NULL, NULL, NULL, 319),
(313, 0, 0, NULL, NULL, NULL, 320),
(314, 0, 0, NULL, NULL, NULL, 321),
(315, 0, 0, NULL, NULL, NULL, 323),
(316, 0, 0, NULL, NULL, NULL, 324),
(317, 0, 0, NULL, NULL, NULL, 325),
(318, 0, 0, NULL, NULL, NULL, 326),
(319, 0, 0, NULL, NULL, NULL, 327),
(320, 0, 0, NULL, NULL, NULL, 328),
(321, 0, 0, NULL, NULL, NULL, 329),
(322, 0, 0, NULL, NULL, NULL, 330),
(323, 0, 0, NULL, NULL, NULL, 331),
(324, 0, 0, NULL, NULL, NULL, 332),
(325, 0, 0, NULL, NULL, NULL, 333),
(326, 0, 0, NULL, NULL, NULL, 334),
(327, 0, 0, NULL, NULL, NULL, 335),
(328, 0, 0, NULL, NULL, NULL, 336),
(329, 0, 0, NULL, NULL, NULL, 337),
(330, 0, 0, NULL, NULL, NULL, 338),
(331, 0, 0, NULL, NULL, NULL, 339),
(332, 0, 0, NULL, NULL, NULL, 340),
(333, 0, 0, NULL, NULL, NULL, 341),
(334, 0, 0, NULL, NULL, NULL, 342),
(335, 0, 0, NULL, NULL, NULL, 343),
(336, 0, 0, NULL, NULL, NULL, 344),
(337, 0, 0, NULL, NULL, NULL, 345),
(338, 0, 0, NULL, NULL, NULL, 346),
(339, 0, 0, NULL, NULL, NULL, 347),
(340, 0, 0, NULL, NULL, NULL, 348),
(341, 0, 0, NULL, NULL, NULL, 349),
(342, 0, 0, NULL, NULL, NULL, 350),
(343, 0, 0, NULL, NULL, NULL, 351),
(344, 0, 0, NULL, NULL, NULL, 352),
(345, 0, 0, NULL, NULL, NULL, 353),
(346, 0, 0, NULL, NULL, NULL, 354),
(347, 0, 0, NULL, NULL, NULL, 355),
(348, 0, 0, NULL, NULL, NULL, 356),
(349, 0, 0, NULL, NULL, NULL, 357),
(350, 0, 0, NULL, NULL, NULL, 358),
(351, 0, 0, NULL, NULL, NULL, 359),
(352, 0, 0, NULL, NULL, NULL, 360),
(353, 0, 0, NULL, NULL, NULL, 361),
(354, 0, 0, NULL, NULL, NULL, 362),
(355, 0, 0, NULL, NULL, NULL, 363),
(356, 0, 0, NULL, NULL, NULL, 364),
(357, 0, 0, NULL, NULL, NULL, 365),
(358, 0, 0, NULL, NULL, NULL, 367),
(359, 0, 0, NULL, NULL, NULL, 368),
(360, 0, 0, NULL, NULL, NULL, 369),
(361, 0, 0, NULL, NULL, NULL, 370),
(362, 0, 0, NULL, NULL, NULL, 371),
(363, 0, 0, NULL, NULL, NULL, 372),
(364, 0, 0, NULL, NULL, NULL, 373),
(365, 0, 0, NULL, NULL, NULL, 374),
(366, 0, 0, NULL, NULL, NULL, 375),
(367, 0, 0, NULL, NULL, NULL, 376),
(368, 0, 0, NULL, NULL, NULL, 377),
(369, 0, 0, NULL, NULL, NULL, 378),
(370, 0, 0, NULL, NULL, NULL, 379),
(371, 0, 0, NULL, NULL, NULL, 380),
(372, 0, 0, NULL, NULL, NULL, 381),
(373, 0, 0, NULL, NULL, NULL, 382),
(374, 0, 0, NULL, NULL, NULL, 383),
(375, 0, 0, NULL, NULL, NULL, 384),
(376, 0, 0, NULL, NULL, NULL, 385),
(377, 0, 0, NULL, NULL, NULL, 386),
(378, 0, 0, NULL, NULL, NULL, 387),
(379, 0, 0, NULL, NULL, NULL, 388),
(380, 0, 0, NULL, NULL, NULL, 389),
(381, 0, 0, NULL, NULL, NULL, 390),
(382, 0, 0, NULL, NULL, NULL, 391),
(383, 0, 0, NULL, NULL, NULL, 392),
(384, 0, 0, NULL, NULL, NULL, 393),
(385, 0, 0, NULL, NULL, NULL, 394),
(386, 0, 0, NULL, NULL, NULL, 395),
(387, 0, 0, NULL, NULL, NULL, 396),
(388, 0, 0, NULL, NULL, NULL, 397),
(389, 0, 0, NULL, NULL, NULL, 398),
(390, 0, 0, NULL, NULL, NULL, 399),
(391, 0, 0, NULL, NULL, NULL, 400),
(392, 0, 0, NULL, NULL, NULL, 401),
(393, 0, 0, NULL, NULL, NULL, 402),
(394, 0, 0, NULL, NULL, NULL, 403),
(395, 0, 0, NULL, NULL, NULL, 404),
(396, 0, 0, NULL, NULL, NULL, 405),
(397, 0, 0, NULL, NULL, NULL, 406),
(398, 0, 0, NULL, NULL, NULL, 407),
(399, 0, 0, NULL, NULL, NULL, 408),
(400, 0, 0, NULL, NULL, NULL, 409),
(401, 0, 0, NULL, NULL, NULL, 411),
(402, 0, 0, NULL, NULL, NULL, 412),
(403, 0, 0, NULL, NULL, NULL, 413),
(404, 0, 0, NULL, NULL, NULL, 414),
(405, 0, 0, NULL, NULL, NULL, 415),
(406, 0, 0, NULL, NULL, NULL, 416),
(407, 0, 0, NULL, NULL, NULL, 417),
(408, 0, 0, NULL, NULL, NULL, 418),
(409, 0, 0, NULL, NULL, NULL, 419),
(410, 0, 0, NULL, NULL, NULL, 420),
(411, 0, 0, NULL, NULL, NULL, 421),
(412, 0, 0, NULL, NULL, NULL, 422),
(413, 0, 0, NULL, NULL, NULL, 423),
(414, 0, 0, NULL, NULL, NULL, 424),
(415, 0, 0, NULL, NULL, NULL, 425),
(416, 0, 0, NULL, NULL, NULL, 426),
(417, 0, 0, NULL, NULL, NULL, 427),
(418, 0, 0, NULL, NULL, NULL, 428),
(419, 0, 0, NULL, NULL, NULL, 429),
(420, 0, 0, NULL, NULL, NULL, 430),
(421, 0, 0, NULL, NULL, NULL, 431),
(422, 0, 0, NULL, NULL, NULL, 432),
(423, 0, 0, NULL, NULL, NULL, 433),
(424, 0, 0, NULL, NULL, NULL, 434),
(425, 0, 0, NULL, NULL, NULL, 435),
(426, 0, 0, NULL, NULL, NULL, 436),
(427, 0, 0, NULL, NULL, NULL, 437),
(428, 0, 0, NULL, NULL, NULL, 438),
(429, 0, 0, NULL, NULL, NULL, 439),
(430, 0, 0, NULL, NULL, NULL, 440),
(431, 0, 0, NULL, NULL, NULL, 441),
(432, 0, 0, NULL, NULL, NULL, 442),
(433, 0, 0, NULL, NULL, NULL, 443),
(434, 0, 0, NULL, NULL, NULL, 444),
(435, 0, 0, NULL, NULL, NULL, 445),
(436, 0, 0, NULL, NULL, NULL, 446),
(437, 0, 0, NULL, NULL, NULL, 447),
(438, 0, 0, NULL, NULL, NULL, 448),
(439, 0, 0, NULL, NULL, NULL, 449),
(440, 0, 0, NULL, NULL, NULL, 450),
(441, 0, 0, NULL, NULL, NULL, 451),
(442, 0, 0, NULL, NULL, NULL, 452),
(443, 0, 0, NULL, NULL, NULL, 453),
(444, 0, 0, NULL, NULL, NULL, 454),
(445, 0, 0, NULL, NULL, NULL, 455),
(446, 0, 0, NULL, NULL, NULL, 456),
(447, 0, 0, NULL, NULL, NULL, 457),
(448, 0, 0, NULL, NULL, NULL, 458),
(449, 0, 0, NULL, NULL, NULL, 459),
(450, 0, 0, NULL, NULL, NULL, 460),
(451, 0, 0, NULL, NULL, NULL, 461),
(452, 0, 0, NULL, NULL, NULL, 462),
(453, 0, 0, NULL, NULL, NULL, 463),
(454, 0, 0, NULL, NULL, NULL, 464),
(455, 0, 0, NULL, NULL, NULL, 465),
(456, 0, 0, NULL, NULL, NULL, 466),
(457, 0, 0, NULL, NULL, NULL, 467),
(458, 0, 0, NULL, NULL, NULL, 468),
(459, 0, 0, NULL, NULL, NULL, 469),
(460, 0, 0, NULL, NULL, NULL, 470),
(461, 0, 0, NULL, NULL, NULL, 471),
(462, 0, 0, NULL, NULL, NULL, 472),
(463, 0, 0, NULL, NULL, NULL, 473),
(464, 0, 0, NULL, NULL, NULL, 474),
(465, 0, 0, NULL, NULL, NULL, 475),
(466, 0, 0, NULL, NULL, NULL, 476),
(467, 0, 0, NULL, NULL, NULL, 477),
(468, 0, 0, NULL, NULL, NULL, 478),
(469, 0, 0, NULL, NULL, NULL, 479),
(470, 0, 0, NULL, NULL, NULL, 480),
(471, 0, 0, NULL, NULL, NULL, 481),
(472, 0, 0, NULL, NULL, NULL, 482),
(473, 0, 0, NULL, NULL, NULL, 483),
(474, 0, 0, NULL, NULL, NULL, 484),
(475, 0, 0, NULL, NULL, NULL, 485),
(476, 0, 0, NULL, NULL, NULL, 486),
(477, 0, 0, NULL, NULL, NULL, 487),
(478, 0, 0, NULL, NULL, NULL, 488),
(479, 0, 0, NULL, NULL, NULL, 489),
(480, 0, 0, NULL, NULL, NULL, 490),
(481, 0, 0, NULL, NULL, NULL, 491),
(482, 0, 0, NULL, NULL, NULL, 492),
(483, 0, 0, NULL, NULL, NULL, 493),
(484, 0, 0, NULL, NULL, NULL, 494),
(485, 0, 0, NULL, NULL, NULL, 495),
(486, 0, 0, NULL, NULL, NULL, 496),
(487, 0, 0, NULL, NULL, NULL, 497),
(488, 0, 0, NULL, NULL, NULL, 498),
(489, 0, 0, NULL, NULL, NULL, 499),
(490, 0, 0, NULL, NULL, NULL, 500),
(491, 0, 0, NULL, NULL, NULL, 501),
(492, 0, 0, NULL, NULL, NULL, 502),
(493, 0, 0, NULL, NULL, NULL, 503),
(494, 0, 0, NULL, NULL, NULL, 504),
(495, 0, 0, NULL, NULL, NULL, 505),
(496, 0, 0, NULL, NULL, NULL, 506),
(497, 0, 0, NULL, NULL, NULL, 507),
(498, 0, 0, NULL, NULL, NULL, 508),
(499, 0, 0, NULL, NULL, NULL, 509),
(500, 0, 0, NULL, NULL, NULL, 510),
(501, 0, 0, NULL, NULL, NULL, 511),
(502, 0, 0, NULL, NULL, NULL, 512),
(503, 0, 0, NULL, NULL, NULL, 513),
(504, 0, 0, NULL, NULL, NULL, 514),
(505, 0, 0, NULL, NULL, NULL, 515),
(506, 0, 0, NULL, NULL, NULL, 516),
(507, 0, 0, NULL, NULL, NULL, 517),
(508, 0, 0, NULL, NULL, NULL, 518),
(509, 0, 0, NULL, NULL, NULL, 519),
(510, 0, 0, NULL, NULL, NULL, 520),
(511, 0, 0, NULL, NULL, NULL, 521),
(512, 0, 0, NULL, NULL, NULL, 522),
(513, 0, 0, NULL, NULL, NULL, 523),
(514, 0, 0, NULL, NULL, NULL, 524),
(515, 0, 0, NULL, NULL, NULL, 525),
(516, 0, 0, NULL, NULL, NULL, 526),
(517, 0, 0, NULL, NULL, NULL, 527),
(518, 0, 0, NULL, NULL, NULL, 528),
(519, 0, 0, NULL, NULL, NULL, 529),
(520, 0, 0, NULL, NULL, NULL, 530),
(521, 0, 0, NULL, NULL, NULL, 531),
(522, 0, 0, NULL, NULL, NULL, 532),
(523, 0, 0, NULL, NULL, NULL, 533),
(524, 0, 0, NULL, NULL, NULL, 534),
(525, 0, 0, NULL, NULL, NULL, 535),
(526, 0, 0, NULL, NULL, NULL, 536),
(527, 0, 0, NULL, NULL, NULL, 537),
(528, 0, 0, NULL, NULL, NULL, 538),
(529, 0, 0, NULL, NULL, NULL, 539),
(530, 0, 0, NULL, NULL, NULL, 540),
(531, 0, 0, NULL, NULL, NULL, 541),
(532, 0, 0, NULL, NULL, NULL, 542),
(533, 0, 0, NULL, NULL, NULL, 543),
(534, 0, 0, NULL, NULL, NULL, 544),
(535, 0, 0, NULL, NULL, NULL, 545),
(536, 0, 0, NULL, NULL, NULL, 546),
(537, 0, 0, NULL, NULL, NULL, 547),
(538, 0, 0, NULL, NULL, NULL, 548),
(539, 0, 0, NULL, NULL, NULL, 549),
(540, 0, 0, NULL, NULL, NULL, 550),
(541, 0, 0, NULL, NULL, NULL, 551),
(542, 0, 0, NULL, NULL, NULL, 552),
(543, 0, 0, NULL, NULL, NULL, 553),
(544, 0, 0, NULL, NULL, NULL, 554),
(545, 0, 0, NULL, NULL, NULL, 555),
(546, 0, 0, NULL, NULL, NULL, 556),
(547, 0, 0, NULL, NULL, NULL, 557),
(548, 0, 0, NULL, NULL, NULL, 558),
(549, 0, 0, NULL, NULL, NULL, 559),
(550, 0, 0, NULL, NULL, NULL, 560),
(551, 0, 0, NULL, NULL, NULL, 561),
(552, 0, 0, NULL, NULL, NULL, 562),
(553, 0, 0, NULL, NULL, NULL, 563),
(554, 0, 0, NULL, NULL, NULL, 564),
(555, 0, 0, NULL, NULL, NULL, 565),
(556, 0, 0, NULL, NULL, NULL, 566),
(557, 0, 0, NULL, NULL, NULL, 567),
(558, 0, 0, NULL, NULL, NULL, 568);

-- --------------------------------------------------------

--
-- Estrutura da tabela `Sentimento`
--

CREATE TABLE IF NOT EXISTS `Sentimento` (
  `idSentimento` int(11) NOT NULL,
  `valorSentimento` varchar(45) NOT NULL DEFAULT '0',
  PRIMARY KEY (`idSentimento`)
) ENGINE=InnoDB DEFAULT CHARSET=utf8;

--
-- Extraindo dados da tabela `Sentimento`
--

INSERT INTO `Sentimento` (`idSentimento`, `valorSentimento`) VALUES
(1, 'Neutro'),
(2, 'Negativo'),
(3, 'Positivo');

-- --------------------------------------------------------

--
-- Estrutura da tabela `Tweet`
--

CREATE TABLE IF NOT EXISTS `Tweet` (
  `idTweet` int(11) NOT NULL AUTO_INCREMENT,
  `postTweet` varchar(140) NOT NULL,
  `dataTweet` varchar(20) NOT NULL,
  `tipoTweet` varchar(45) NOT NULL,
  `Usuario_idUsuario` int(11) NOT NULL,
  `Sentimento_idSentimento` int(11) NOT NULL,
  PRIMARY KEY (`idTweet`,`Usuario_idUsuario`,`Sentimento_idSentimento`),
  KEY `fk_Tweet_Usuario1` (`Usuario_idUsuario`),
  KEY `fk_Tweet_Sentimento1` (`Sentimento_idSentimento`)
) ENGINE=InnoDB  DEFAULT CHARSET=utf8 AUTO_INCREMENT=569 ;

--
-- Extraindo dados da tabela `Tweet`
--

INSERT INTO `Tweet` (`idTweet`, `postTweet`, `dataTweet`, `tipoTweet`, `Usuario_idUsuario`, `Sentimento_idSentimento`) VALUES
(1, 'Ganhei um adesivo Miaumm no #CSRRacing para iOS #paintjob. Obtenha GRÁTIS! http://t.co/uuByfTqycG http://t.co/fJH2RQ0Ynw', '25/6/2014', 'tweet', 1, 1),
(2, 'Agora tenho Coleção do Cavaleiro Dragos, e você? http://t.co/hIWZqCEsoI #android,#androidgames,#gameinsight', '25/6/2014', 'tweet', 2, 1),
(3, 'Odeio esse windows phone nao tem nenhum app bom pra essa bosta', '25/6/2014', 'tweet', 3, 3),
(4, 'twitter no windows phone é tão lindo quero comprar um agora????', '25/6/2014', 'tweet', 4, 1),
(5, 'A app da Zara para o iOS est\na bué bem feita.', '25/6/2014', 'tweet', 5, 3),
(6, 'A app da Zara para o iOS est\na bué bem feita.', '25/6/2014', 'tweet', 6, 3),
(7, 'Gostei de um vídeo @YouTube http://t.co/iFxnjiZNAg no TecMundo (24/06) - TouchID nos iPads, "botão da morte" no Windows Phone e', '25/6/2014', 'tweet', 7, 1),
(8, 'CHOCADA MENINIO LUKE, TU É A CARA DO WINDOWS PHONE E QUER COMPRAR UM IP... — O MUNDO GIRA AS PESSOAS MUDA SAKAS???? http://t.co/KkPw4pPEX0', '26/6/2014', 'tweet', 8, 1),
(9, 'CHOCADA MENINIO LUKE, TU É A CARA DO WINDOWS PHONE E QUER COMPRAR UM IP... — O MUNDO GIRA AS PESSOAS MUDA SAKAS???? http://t.co/KkPw4pPEX0', '26/6/2014', 'tweet', 9, 1),
(10, 'Eu coletei 18,115 moedas de ouro! http://t.co/ZtQIK2ghuT #iphone, #iphonegames, #gameinsightBR', '26/6/2014', 'tweet', 10, 1),
(11, 'todo mundo tirando foto com iphone todo dia, mas tira foto dos carne pra pagar nada né, KKKKKKKKKKKKKKKKKKKKKKKKKKKKKKKKKKKKKKKKKK', '26/6/2014', 'tweet', 11, 1),
(12, 'Android: adicione funções alternativas aos botões de volume de seu celular — http://t.co/bRg85bbsJF"', '26/6/2014', 'tweet', 12, 1),
(13, 'Android ganha "turbinada" para celular, além de integração com carro e TV http://t.co/oCCm8tKpCc via @_bol', '25/6/2014', 'tweet', 13, 3),
(14, 'Qual foi a melhor invenção até hoje? — o celular com android http://t.co/OgJEmYa1zI', '25/6/2014', 'tweet', 14, 3),
(15, 'anotar: proxima vez q for comprar um celular NUNCA MAIS comprar android', '25/6/2014', 'tweet', 15, 1),
(16, 'Gostei de um vídeo @YouTube http://t.co/YvvlQVgGGt FUNK BRASIL MPC no CELULAR - APLICATIVO PARA ANDROID', '25/6/2014', 'tweet', 16, 1),
(17, '@LuanaOly 46 99074599 quando eu tiver um celular de android eu entro, mas eu tenho ta achando q nao sou chique', '25/6/2014', 'tweet', 17, 3),
(18, 'Bateria do meu celular tá durando o dia todo com o wi-fi ou 3G ligado direto. Ponto pro Windows Phone 8.1', '25/6/2014', 'tweet', 18, 1),
(19, 'Eu ia ganhar um celular hj ai já ia ser sexta , ai agr ja vai adiar de novo e nada de celular novo e nem da bateria do meu windows phone!', '25/6/2014', 'tweet', 19, 3),
(20, '@OneTelekinetic eu carrego meu celular 3 vezes por dia Android com essa bateria é foda sdds meu Windows phone', '25/6/2014', 'tweet', 20, 2),
(21, 'Tô colocando o Windows Phone 8.1 no celular da minha irmã, mas apareceu uma coisa diferente, tô achando que é a versão final com lumia cyan', '25/6/2014', 'tweet', 21, 1),
(22, 'Vou so ajeitar a tela do meu celular e ta bom msm, mudar de celular não eh cmg. Windows Phone> Android rsrsrsrs', '25/6/2014', 'tweet', 22, 3),
(23, 'Windows Phone 8.1 começa a chegar para alguns felizardos http://t.co/ZbSGk0yCVi', '25/6/2014', 'tweet', 23, 1),
(24, 'Só que dessa vez vou querer um celular mais simples, chega de iphone e windows phone é horrível', '25/6/2014', 'tweet', 24, 2),
(25, 'Preciso de um celular que tenha android agora que o meu quebrou... O outro tem windows phone e está cada vez melhor, mas sem Insta n róla!', '25/6/2014', 'tweet', 25, 1),
(26, 'Eu tenho um celular normal, um Android, um Windows Phone, e to vendo de comprar um LG com Android agora.', '25/6/2014', 'tweet', 26, 1),
(27, 'Preciso de um celular com Androide.... Me sinto desconectada com essa merda de Windows Phone', '25/6/2014', 'tweet', 27, 2),
(28, 'gente alguem ai sabe mudar a configuração de notificação de celular windows phone REMOTAMENTE para a função "push"  ?? ~me ajudem~ é urgente', '25/6/2014', 'tweet', 28, 2),
(29, '@swagpassiva VOU COMPRAR UM CELULAR <3 TALVEZ MAS NAO VAI SER IPHONE, TO QUERENDO OU O MOTO G OU WINDOWS PHONE', '25/6/2014', 'tweet', 29, 1),
(30, 'Gostei de um vídeo @YouTube de @ileorju http://t.co/Q5CldYvHOB Como Desbloquear Celular o Tablet Android 2014 Con la Pc', '25/6/2014', 'tweet', 30, 1),
(31, 'Gostei de um vídeo @YouTube de @ileorju http://t.co/UyAX8StVci Como Desbloquear Celular o Tablet Android 2014 Con la Pc', '25/6/2014', 'tweet', 31, 1),
(32, 'Gostei de um vídeo @YouTube de @ileorju http://t.co/3xmO3Z8Erq Como Desbloquear Celular o Tablet Android 2014 Con la Pc', '25/6/2014', 'tweet', 32, 1),
(33, 'Google I/O de hoje: Android no celular, no tablet, no relógio, na TV, no carro, no computador, no fogão, na geladeira, na caneta bic, no cac', '25/6/2014', 'tweet', 33, 1),
(34, 'O Tablet Asus Livro V é um dispositivo de combinação que possui um celular com Android que se encaixa em um... http://t.co/Y6BCRYQ58y', '25/6/2014', 'tweet', 34, 1),
(35, 'O Tablet Asus Livro V é um dispositivo de combinação que possui um celular com Android que se encaixa em um... http://t.co/jwbnXpKPlS', '25/6/2014', 'tweet', 35, 1),
(36, 'Aplicativo Android para seu Celular ou Tablet, baixe em\nhttp://t.co/CaqwafZSOS\n\n#SSTALENT1D http://t.co/mj5KLNywsZ', '25/6/2014', 'tweet', 36, 1),
(37, 'INSTALAMOS APLICATIVOS NO SEU CELULAR  OU TABLET ANDROID.\nATUALIZAÇÃO DE APLICATIVOS\nATUALIZAÇÃO DE SISTEMA DO... http://t.co/PNtBCDOB13', '25/6/2014', 'tweet', 37, 1),
(38, 'Aplicativo Android para seu Celular ou Tablet, baixe em\nhttp://t.co/quXU89SLzO http://t.co/PY96voQnSk', '25/6/2014', 'tweet', 38, 1),
(39, '@phspedro É bom ter projetos novos em paralelo ao smartphone, o Android de celular/tablet tá num estágio bom já!', '25/6/2014', 'tweet', 39, 3),
(40, 'Já baixou nosso Aplicativo Android para seu Celular ou Tablet? Baixe em\nhttp://t.co/quXU89SLzO http://t.co/E2no6YOLw8', '25/6/2014', 'tweet', 40, 1),
(41, 'Eu com o meu celular lixo to ajudando , ai a pessoa de IPad ,Tablet ,Notebook ,Computador, Iphone e nem ajuda #BrazilIsWaitingForChloeMoretz', '24/6/2014', 'tweet', 41, 1),
(42, 'Achei o meu do celular antigo, achei o do tablet, achei todos, MENOS o do iphone', '24/6/2014', 'tweet', 42, 1),
(43, '@louisemprego msajkdjasikds magina, e sim, tipo eu não tenho uma câmera nem um iphone ou celular bom, tiro tudo com um tablet ;-;', '23/6/2014', 'tweet', 43, 1),
(44, 'Meu celular tá bugadão. Falei p meu pai pegar o tablet q ele me deu p ele e me dar um iphone. Kkkkk', '23/6/2014', 'tweet', 44, 3),
(45, 'Essas crianças de hj em dia tem iphone e tablet , e eu com esse meu celular todo fodido', '21/6/2014', 'tweet', 45, 1),
(46, 'Vou trocar meu celular e um tablet por um iphone 3, eras muito', '21/6/2014', 'tweet', 46, 1),
(47, 'Vou trocar meu celular e meu tablet por um iphone 3 gs', '20/6/2014', 'tweet', 47, 1),
(48, 'TWITTER: UM MEIO RÁPIDO DE ACESSAR AS NOTÍCIAS DA ZONA NORTE VIA CELULAR, IPHONE, IPAD, TABLET... http://t.co/TZLOXtgFGU', '19/6/2014', 'tweet', 48, 1),
(49, '#MicroUsb #Tablet #Celular #Iphone http://t.co/7fjkk87fM9', '18/6/2014', 'tweet', 49, 1),
(50, 'Tecnologia e Ciência Os melhores jogos para smartphone (Android e iOS) http://t.co/tk4FRMkqr7', '26/6/2014', 'tweet', 50, 1),
(51, '@thingsofbella snap pode ser para qualquer celular android ou iOs e creio que o BlackBerry também pode. Mesmo assim, não sabia que ele tinha', '25/6/2014', 'tweet', 51, 1),
(52, 'Tentando baixar versão antiga do iOS pra ver se consigo conectar wi-fi, pq o 3G não dá conta :( Como sou dependente de internet no celular..', '25/6/2014', 'tweet', 52, 1),
(53, 'essa nova interface do android não vem pro meu celular, já o iOS 8 vai ser lançado, e vai atualizar ATÉ OS IPHONE QUE TEM 2G', '25/6/2014', 'tweet', 53, 1),
(54, '@Marianasantosjb @catharinabfa eu ainda acho que você vai se arrepender se comprar outro celular que não seja iOS', '25/6/2014', 'tweet', 54, 1),
(55, 'Baixe o aplicativo do nosso site no seu celular! \nO app é disponível para iOS, Android, Nokia e Java.\n\nPara... http://t.co/bJyV0HlYKX', '25/6/2014', 'tweet', 55, 3),
(56, 'Vote pelo aplicativo do PJB no celular. Para quem tem iOS: https://t.co/asao1bKtKt', '25/6/2014', 'tweet', 56, 1),
(57, 'nossa só atualizei o ios do meu celular agora hahaha ficou ligeiro hein kk', '25/6/2014', 'tweet', 57, 1),
(58, 'Você que é parceiro da FS, já baixou o nosso app no seu celular? IOS: https://t.co/RmRhF74k2z / Android: https://t.co/uEMA2tCzxQ', '25/6/2014', 'tweet', 58, 1),
(59, '@MarquesZero Mais ou menos. A IOS é muito mais estável que o Android. OBS: Tenho um celular Android.', '25/6/2014', 'tweet', 59, 3),
(60, 'queria que o android fosse estilo ios q vc baixa o app pelo computador e dps dá p instalar no celular, mas n, vc tem q usar seu 3g de BOSTA', '25/6/2014', 'tweet', 60, 1),
(61, '@thingsofbella snap pode ser para qualquer celular android ou iOs e creio que o BlackBerry também pode. Mesmo assim, não sabia que ele tinha', '25/6/2014', 'tweet', 61, 1),
(62, 'Tentando baixar versão antiga do iOS pra ver se consigo conectar wi-fi, pq o 3G não dá conta :( Como sou dependente de internet no celular..', '25/6/2014', 'tweet', 62, 1),
(63, 'essa nova interface do android não vem pro meu celular, já o iOS 8 vai ser lançado, e vai atualizar ATÉ OS IPHONE QUE TEM 2G', '25/6/2014', 'tweet', 63, 1),
(64, '@Marianasantosjb @catharinabfa eu ainda acho que você vai se arrepender se comprar outro celular que não seja iOS', '25/6/2014', 'tweet', 64, 1),
(65, 'Baixe o aplicativo do nosso site no seu celular! \nO app é disponível para iOS, Android, Nokia e Java.\n\nPara... http://t.co/bJyV0HlYKX', '25/6/2014', 'tweet', 65, 3),
(66, 'Vote pelo aplicativo do PJB no celular. Para quem tem iOS: https://t.co/asao1bKtKt', '25/6/2014', 'tweet', 66, 1),
(67, 'nossa só atualizei o ios do meu celular agora hahaha ficou ligeiro hein kk', '25/6/2014', 'tweet', 67, 1),
(68, 'Você que é parceiro da FS, já baixou o nosso app no seu celular? IOS: https://t.co/RmRhF74k2z / Android: https://t.co/uEMA2tCzxQ', '25/6/2014', 'tweet', 68, 1),
(69, '@MarquesZero Mais ou menos. A IOS é muito mais estável que o Android. OBS: Tenho um celular Android.', '25/6/2014', 'tweet', 69, 3),
(70, 'queria que o android fosse estilo ios q vc baixa o app pelo computador e dps dá p instalar no celular, mas n, vc tem q usar seu 3g de BOSTA', '25/6/2014', 'tweet', 70, 1),
(71, 'Testando o Windows Phone 8.1 no celular. Maravilha!', '26/6/2014', 'tweet', 71, 1),
(72, 'Bateria do meu celular tá durando o dia todo com o wi-fi ou 3G ligado direto. Ponto pro Windows Phone 8.1', '25/6/2014', 'tweet', 72, 1),
(73, 'Eu ia ganhar um celular hj ai já ia ser sexta , ai agr ja vai adiar de novo e nada de celular novo e nem da bateria do meu windows phone!', '25/6/2014', 'tweet', 73, 3),
(74, '@OneTelekinetic eu carrego meu celular 3 vezes por dia Android com essa bateria é foda sdds meu Windows phone', '25/6/2014', 'tweet', 74, 2),
(75, 'Tô colocando o Windows Phone 8.1 no celular da minha irmã, mas apareceu uma coisa diferente, tô achando que é a versão final com lumia cyan', '25/6/2014', 'tweet', 75, 1),
(76, 'Vou so ajeitar a tela do meu celular e ta bom msm, mudar de celular não eh cmg. Windows Phone> Android rsrsrsrs', '25/6/2014', 'tweet', 76, 3),
(77, 'Windows Phone 8.1 começa a chegar para alguns felizardos http://t.co/ZbSGk0yCVi', '25/6/2014', 'tweet', 77, 1),
(78, 'Só que dessa vez vou querer um celular mais simples, chega de iphone e windows phone é horrível', '25/6/2014', 'tweet', 78, 2),
(79, 'Preciso de um celular que tenha android agora que o meu quebrou... O outro tem windows phone e está cada vez melhor, mas sem Insta n róla!', '25/6/2014', 'tweet', 79, 1),
(80, 'Eu tenho um celular normal, um Android, um Windows Phone, e to vendo de comprar um LG com Android agora.', '25/6/2014', 'tweet', 80, 1),
(81, 'Preciso de um celular com Androide.... Me sinto desconectada com essa merda de Windows Phone', '25/6/2014', 'tweet', 81, 2),
(82, 'gente alguem ai sabe mudar a configuração de notificação de celular windows phone REMOTAMENTE para a função "push"  ?? ~me ajudem~ é urgente', '25/6/2014', 'tweet', 82, 2),
(83, '@PaixaoThayan eh essa porra de app imundo do tt pra Windows phone', '26/6/2014', 'tweet', 83, 2),
(84, 'Gostei de um vídeo @YouTube de @ileorju http://t.co/Q5CldYvHOB Como Desbloquear Celular o Tablet Android 2014 Con la Pc', '25/6/2014', 'tweet', 84, 1),
(85, 'Gostei de um vídeo @YouTube de @ileorju http://t.co/UyAX8StVci Como Desbloquear Celular o Tablet Android 2014 Con la Pc', '25/6/2014', 'tweet', 85, 1),
(86, 'Gostei de um vídeo @YouTube de @ileorju http://t.co/3xmO3Z8Erq Como Desbloquear Celular o Tablet Android 2014 Con la Pc', '25/6/2014', 'tweet', 86, 1),
(87, 'Google I/O de hoje: Android no celular, no tablet, no relógio, na TV, no carro, no computador, no fogão, na geladeira, na caneta bic, no cac', '25/6/2014', 'tweet', 87, 1),
(88, 'O Tablet Asus Livro V é um dispositivo de combinação que possui um celular com Android que se encaixa em um... http://t.co/Y6BCRYQ58y', '25/6/2014', 'tweet', 88, 1),
(89, 'O Tablet Asus Livro V é um dispositivo de combinação que possui um celular com Android que se encaixa em um... http://t.co/jwbnXpKPlS', '25/6/2014', 'tweet', 89, 1),
(90, 'Aplicativo Android para seu Celular ou Tablet, baixe em\nhttp://t.co/CaqwafZSOS\n\n#SSTALENT1D http://t.co/mj5KLNywsZ', '25/6/2014', 'tweet', 90, 1),
(91, 'INSTALAMOS APLICATIVOS NO SEU CELULAR  OU TABLET ANDROID.\nATUALIZAÇÃO DE APLICATIVOS\nATUALIZAÇÃO DE SISTEMA DO... http://t.co/PNtBCDOB13', '25/6/2014', 'tweet', 91, 1),
(92, 'Aplicativo Android para seu Celular ou Tablet, baixe em\nhttp://t.co/quXU89SLzO http://t.co/PY96voQnSk', '25/6/2014', 'tweet', 92, 1),
(93, '@phspedro É bom ter projetos novos em paralelo ao smartphone, o Android de celular/tablet tá num estágio bom já!', '25/6/2014', 'tweet', 93, 3),
(94, 'Já baixou nosso Aplicativo Android para seu Celular ou Tablet? Baixe em\nhttp://t.co/quXU89SLzO http://t.co/E2no6YOLw8', '25/6/2014', 'tweet', 94, 1),
(95, 'Gostei de um vídeo @YouTube de @ileorju http://t.co/Q5CldYvHOB Como Desbloquear Celular o Tablet Android 2014 Con la Pc', '25/6/2014', 'tweet', 95, 1),
(96, 'Gostei de um vídeo @YouTube de @ileorju http://t.co/UyAX8StVci Como Desbloquear Celular o Tablet Android 2014 Con la Pc', '25/6/2014', 'tweet', 96, 1),
(97, 'Gostei de um vídeo @YouTube de @ileorju http://t.co/3xmO3Z8Erq Como Desbloquear Celular o Tablet Android 2014 Con la Pc', '25/6/2014', 'tweet', 97, 1),
(98, 'Google I/O de hoje: Android no celular, no tablet, no relógio, na TV, no carro, no computador, no fogão, na geladeira, na caneta bic, no cac', '25/6/2014', 'tweet', 98, 1),
(99, 'O Tablet Asus Livro V é um dispositivo de combinação que possui um celular com Android que se encaixa em um... http://t.co/Y6BCRYQ58y', '25/6/2014', 'tweet', 99, 1),
(100, 'O Tablet Asus Livro V é um dispositivo de combinação que possui um celular com Android que se encaixa em um... http://t.co/jwbnXpKPlS', '25/6/2014', 'tweet', 100, 1),
(101, 'Aplicativo Android para seu Celular ou Tablet, baixe em\nhttp://t.co/CaqwafZSOS\n\n#SSTALENT1D http://t.co/mj5KLNywsZ', '25/6/2014', 'tweet', 101, 1),
(102, 'INSTALAMOS APLICATIVOS NO SEU CELULAR  OU TABLET ANDROID.\nATUALIZAÇÃO DE APLICATIVOS\nATUALIZAÇÃO DE SISTEMA DO... http://t.co/PNtBCDOB13', '25/6/2014', 'tweet', 102, 1),
(103, 'Aplicativo Android para seu Celular ou Tablet, baixe em\nhttp://t.co/quXU89SLzO http://t.co/PY96voQnSk', '25/6/2014', 'tweet', 103, 1),
(104, '@phspedro É bom ter projetos novos em paralelo ao smartphone, o Android de celular/tablet tá num estágio bom já!', '25/6/2014', 'tweet', 104, 3),
(105, 'Já baixou nosso Aplicativo Android para seu Celular ou Tablet? Baixe em\nhttp://t.co/quXU89SLzO http://t.co/E2no6YOLw8', '25/6/2014', 'tweet', 105, 1),
(106, 'minha mae agora que compro celular com android fica me enchendo o saco querendo baixa as coisa', '26/6/2014', 'tweet', 106, 2),
(107, 'Android: adicione funções alternativas aos botões de volume de seu celular http://t.co/t5xRl36HdF via @Tec_Mundo', '26/6/2014', 'tweet', 107, 1),
(108, 'Sera que o jon tem um celular com android? Porque eu nao', '26/6/2014', 'tweet', 108, 1),
(109, '#mobilidade Os melhores jogos para smartphone (Android e iOS) http://t.co/v2fus0txPV #smartphone #celular', '26/6/2014', 'tweet', 109, 1),
(110, 'Hoje fiz atualização para o Android 4.4.4 Kit Kat. Estou usando ART para o tempo de execução ao invés do Dalvik. Meu celular tá liso.', '26/6/2014', 'tweet', 110, 1),
(111, 'Essa atualização do meu Android fudeu com os sensores do meu celular.', '26/6/2014', 'tweet', 111, 1),
(112, 'Baixe o app do nosso jornal, para Android e iOS, no celular ou tablet, e leia nossas edições na íntegra! http://t.co/ce0ZyKrV6m', '23/6/2014', 'tweet', 112, 1),
(113, 'Já baixou o App do Agenda Poker em seu tablet ou celular?\n\nDisponível nas versões Android e IOS, você poderá... http://t.co/I8AmSUzJ5E', '18/6/2014', 'tweet', 113, 1),
(114, '#mobilidade Os melhores jogos para smartphone (Android e iOS) http://t.co/v2fus0txPV #smartphone #celular', '26/6/2014', 'tweet', 114, 1),
(115, '@thingsofbella snap pode ser para qualquer celular android ou iOs e creio que o BlackBerry também pode. Mesmo assim, não sabia que ele tinha', '25/6/2014', 'tweet', 115, 1),
(116, 'Tentando baixar versão antiga do iOS pra ver se consigo conectar wi-fi, pq o 3G não dá conta :( Como sou dependente de internet no celular..', '25/6/2014', 'tweet', 116, 1),
(117, 'essa nova interface do android não vem pro meu celular, já o iOS 8 vai ser lançado, e vai atualizar ATÉ OS IPHONE QUE TEM 2G', '25/6/2014', 'tweet', 117, 1),
(118, '@Marianasantosjb @catharinabfa eu ainda acho que você vai se arrepender se comprar outro celular que não seja iOS', '25/6/2014', 'tweet', 118, 1),
(119, 'Baixe o aplicativo do nosso site no seu celular! \nO app é disponível para iOS, Android, Nokia e Java.\n\nPara... http://t.co/bJyV0HlYKX', '25/6/2014', 'tweet', 119, 3),
(120, 'Vote pelo aplicativo do PJB no celular. Para quem tem iOS: https://t.co/asao1bKtKt', '25/6/2014', 'tweet', 120, 1),
(121, 'nossa só atualizei o ios do meu celular agora hahaha ficou ligeiro hein kk', '25/6/2014', 'tweet', 121, 1),
(122, 'Você que é parceiro da FS, já baixou o nosso app no seu celular? IOS: https://t.co/RmRhF74k2z / Android: https://t.co/uEMA2tCzxQ', '25/6/2014', 'tweet', 122, 1),
(123, '@MarquesZero Mais ou menos. A IOS é muito mais estável que o Android. OBS: Tenho um celular Android.', '25/6/2014', 'tweet', 123, 3),
(124, 'Posso ir a Sob a ponte! Já descobriu a localização? http://t.co/DfQwKgLhtQ #iPad #iPadGames #GameInsight', '26/6/2014', 'tweet', 124, 1),
(125, '@misuzusenpai meu tablet quebrou mas ganhei celular novo, tenho que criar uma conta no xbox e conectar no celular pq é windows phone qqq', '20/6/2014', 'tweet', 125, 1),
(126, 'Testando o Windows Phone 8.1 no celular. Maravilha!', '26/6/2014', 'tweet', 126, 1),
(127, 'Bateria do meu celular tá durando o dia todo com o wi-fi ou 3G ligado direto. Ponto pro Windows Phone 8.1', '25/6/2014', 'tweet', 127, 1),
(128, 'Eu ia ganhar um celular hj ai já ia ser sexta , ai agr ja vai adiar de novo e nada de celular novo e nem da bateria do meu windows phone!', '25/6/2014', 'tweet', 128, 3),
(129, '@OneTelekinetic eu carrego meu celular 3 vezes por dia Android com essa bateria é foda sdds meu Windows phone', '25/6/2014', 'tweet', 129, 2),
(130, 'Tô colocando o Windows Phone 8.1 no celular da minha irmã, mas apareceu uma coisa diferente, tô achando que é a versão final com lumia cyan', '25/6/2014', 'tweet', 130, 1),
(131, 'Vou so ajeitar a tela do meu celular e ta bom msm, mudar de celular não eh cmg. Windows Phone> Android rsrsrsrs', '25/6/2014', 'tweet', 131, 3),
(132, 'Windows Phone 8.1 começa a chegar para alguns felizardos http://t.co/ZbSGk0yCVi', '25/6/2014', 'tweet', 132, 1),
(133, 'Só que dessa vez vou querer um celular mais simples, chega de iphone e windows phone é horrível', '25/6/2014', 'tweet', 133, 2),
(134, 'Preciso de um celular que tenha android agora que o meu quebrou... O outro tem windows phone e está cada vez melhor, mas sem Insta n róla!', '25/6/2014', 'tweet', 134, 1),
(135, 'Eu tenho um celular normal, um Android, um Windows Phone, e to vendo de comprar um LG com Android agora.', '25/6/2014', 'tweet', 135, 1),
(136, 'Preciso de um celular com Androide.... Me sinto desconectada com essa merda de Windows Phone', '25/6/2014', 'tweet', 136, 2),
(137, 'gente alguem ai sabe mudar a configuração de notificação de celular windows phone REMOTAMENTE para a função "push"  ?? ~me ajudem~ é urgente', '25/6/2014', 'tweet', 137, 2),
(138, 'Gostei de um vídeo @YouTube de @ileorju http://t.co/Q5CldYvHOB Como Desbloquear Celular o Tablet Android 2014 Con la Pc', '25/6/2014', 'tweet', 138, 1),
(139, 'Gostei de um vídeo @YouTube de @ileorju http://t.co/UyAX8StVci Como Desbloquear Celular o Tablet Android 2014 Con la Pc', '25/6/2014', 'tweet', 139, 1),
(140, 'Gostei de um vídeo @YouTube de @ileorju http://t.co/3xmO3Z8Erq Como Desbloquear Celular o Tablet Android 2014 Con la Pc', '25/6/2014', 'tweet', 140, 1),
(141, 'Google I/O de hoje: Android no celular, no tablet, no relógio, na TV, no carro, no computador, no fogão, na geladeira, na caneta bic, no cac', '25/6/2014', 'tweet', 141, 1),
(142, 'O Tablet Asus Livro V é um dispositivo de combinação que possui um celular com Android que se encaixa em um... http://t.co/Y6BCRYQ58y', '25/6/2014', 'tweet', 142, 1),
(143, 'O Tablet Asus Livro V é um dispositivo de combinação que possui um celular com Android que se encaixa em um... http://t.co/jwbnXpKPlS', '25/6/2014', 'tweet', 143, 1),
(144, 'Aplicativo Android para seu Celular ou Tablet, baixe em\nhttp://t.co/CaqwafZSOS\n\n#SSTALENT1D http://t.co/mj5KLNywsZ', '25/6/2014', 'tweet', 144, 1),
(145, 'INSTALAMOS APLICATIVOS NO SEU CELULAR  OU TABLET ANDROID.\nATUALIZAÇÃO DE APLICATIVOS\nATUALIZAÇÃO DE SISTEMA DO... http://t.co/PNtBCDOB13', '25/6/2014', 'tweet', 145, 1),
(146, 'Aplicativo Android para seu Celular ou Tablet, baixe em\nhttp://t.co/quXU89SLzO http://t.co/PY96voQnSk', '25/6/2014', 'tweet', 146, 1),
(147, '@phspedro É bom ter projetos novos em paralelo ao smartphone, o Android de celular/tablet tá num estágio bom já!', '25/6/2014', 'tweet', 147, 3),
(148, 'Já baixou nosso Aplicativo Android para seu Celular ou Tablet? Baixe em\nhttp://t.co/quXU89SLzO http://t.co/E2no6YOLw8', '25/6/2014', 'tweet', 148, 1),
(149, 'minha mae agora que compro celular com android fica me enchendo o saco querendo baixa as coisa', '26/6/2014', 'tweet', 149, 2),
(150, 'Android: adicione funções alternativas aos botões de volume de seu celular http://t.co/t5xRl36HdF via @Tec_Mundo', '26/6/2014', 'tweet', 150, 1),
(151, 'Sera que o jon tem um celular com android? Porque eu nao', '26/6/2014', 'tweet', 151, 1),
(152, '#mobilidade Os melhores jogos para smartphone (Android e iOS) http://t.co/v2fus0txPV #smartphone #celular', '26/6/2014', 'tweet', 152, 1),
(153, 'Hoje fiz atualização para o Android 4.4.4 Kit Kat. Estou usando ART para o tempo de execução ao invés do Dalvik. Meu celular tá liso.', '26/6/2014', 'tweet', 153, 1),
(154, 'Essa atualização do meu Android fudeu com os sensores do meu celular.', '26/6/2014', 'tweet', 154, 1),
(155, 'Baixe o app do nosso jornal, para Android e iOS, no celular ou tablet, e leia nossas edições na íntegra! http://t.co/ce0ZyKrV6m', '23/6/2014', 'tweet', 155, 1),
(156, 'Já baixou o App do Agenda Poker em seu tablet ou celular?\n\nDisponível nas versões Android e IOS, você poderá... http://t.co/I8AmSUzJ5E', '18/6/2014', 'tweet', 156, 1),
(157, '#mobilidade Os melhores jogos para smartphone (Android e iOS) http://t.co/v2fus0txPV #smartphone #celular', '26/6/2014', 'tweet', 157, 1),
(158, '@thingsofbella snap pode ser para qualquer celular android ou iOs e creio que o BlackBerry também pode. Mesmo assim, não sabia que ele tinha', '25/6/2014', 'tweet', 158, 1),
(159, 'Tentando baixar versão antiga do iOS pra ver se consigo conectar wi-fi, pq o 3G não dá conta :( Como sou dependente de internet no celular..', '25/6/2014', 'tweet', 159, 1),
(160, 'essa nova interface do android não vem pro meu celular, já o iOS 8 vai ser lançado, e vai atualizar ATÉ OS IPHONE QUE TEM 2G', '25/6/2014', 'tweet', 160, 1),
(161, '@Marianasantosjb @catharinabfa eu ainda acho que você vai se arrepender se comprar outro celular que não seja iOS', '25/6/2014', 'tweet', 161, 1),
(162, 'Baixe o aplicativo do nosso site no seu celular! \nO app é disponível para iOS, Android, Nokia e Java.\n\nPara... http://t.co/bJyV0HlYKX', '25/6/2014', 'tweet', 162, 3),
(163, 'Vote pelo aplicativo do PJB no celular. Para quem tem iOS: https://t.co/asao1bKtKt', '25/6/2014', 'tweet', 163, 1),
(164, 'nossa só atualizei o ios do meu celular agora hahaha ficou ligeiro hein kk', '25/6/2014', 'tweet', 164, 1),
(165, 'Você que é parceiro da FS, já baixou o nosso app no seu celular? IOS: https://t.co/RmRhF74k2z / Android: https://t.co/uEMA2tCzxQ', '25/6/2014', 'tweet', 165, 1),
(166, '@MarquesZero Mais ou menos. A IOS é muito mais estável que o Android. OBS: Tenho um celular Android.', '25/6/2014', 'tweet', 166, 3),
(167, '@misuzusenpai meu tablet quebrou mas ganhei celular novo, tenho que criar uma conta no xbox e conectar no celular pq é windows phone qqq', '20/6/2014', 'tweet', 167, 1),
(168, 'Testando o Windows Phone 8.1 no celular. Maravilha!', '26/6/2014', 'tweet', 168, 1),
(169, 'Bateria do meu celular tá durando o dia todo com o wi-fi ou 3G ligado direto. Ponto pro Windows Phone 8.1', '25/6/2014', 'tweet', 169, 1),
(170, 'Eu ia ganhar um celular hj ai já ia ser sexta , ai agr ja vai adiar de novo e nada de celular novo e nem da bateria do meu windows phone!', '25/6/2014', 'tweet', 170, 3),
(171, '@OneTelekinetic eu carrego meu celular 3 vezes por dia Android com essa bateria é foda sdds meu Windows phone', '25/6/2014', 'tweet', 171, 2),
(172, 'Tô colocando o Windows Phone 8.1 no celular da minha irmã, mas apareceu uma coisa diferente, tô achando que é a versão final com lumia cyan', '25/6/2014', 'tweet', 172, 1),
(173, 'Vou so ajeitar a tela do meu celular e ta bom msm, mudar de celular não eh cmg. Windows Phone> Android rsrsrsrs', '25/6/2014', 'tweet', 173, 3),
(174, 'Windows Phone 8.1 começa a chegar para alguns felizardos http://t.co/ZbSGk0yCVi', '25/6/2014', 'tweet', 174, 1),
(175, 'Só que dessa vez vou querer um celular mais simples, chega de iphone e windows phone é horrível', '25/6/2014', 'tweet', 175, 2),
(176, 'Preciso de um celular que tenha android agora que o meu quebrou... O outro tem windows phone e está cada vez melhor, mas sem Insta n róla!', '25/6/2014', 'tweet', 176, 1),
(177, 'Eu tenho um celular normal, um Android, um Windows Phone, e to vendo de comprar um LG com Android agora.', '25/6/2014', 'tweet', 177, 1),
(178, 'Preciso de um celular com Androide.... Me sinto desconectada com essa merda de Windows Phone', '25/6/2014', 'tweet', 178, 2),
(179, 'gente alguem ai sabe mudar a configuração de notificação de celular windows phone REMOTAMENTE para a função "push"  ?? ~me ajudem~ é urgente', '25/6/2014', 'tweet', 179, 2),
(180, 'Gostei de um vídeo @YouTube de @ileorju http://t.co/Q5CldYvHOB Como Desbloquear Celular o Tablet Android 2014 Con la Pc', '25/6/2014', 'tweet', 180, 1),
(181, 'Gostei de um vídeo @YouTube de @ileorju http://t.co/UyAX8StVci Como Desbloquear Celular o Tablet Android 2014 Con la Pc', '25/6/2014', 'tweet', 181, 1),
(182, 'Gostei de um vídeo @YouTube de @ileorju http://t.co/3xmO3Z8Erq Como Desbloquear Celular o Tablet Android 2014 Con la Pc', '25/6/2014', 'tweet', 182, 1),
(183, 'Google I/O de hoje: Android no celular, no tablet, no relógio, na TV, no carro, no computador, no fogão, na geladeira, na caneta bic, no cac', '25/6/2014', 'tweet', 183, 1),
(184, 'O Tablet Asus Livro V é um dispositivo de combinação que possui um celular com Android que se encaixa em um... http://t.co/Y6BCRYQ58y', '25/6/2014', 'tweet', 184, 1),
(185, 'O Tablet Asus Livro V é um dispositivo de combinação que possui um celular com Android que se encaixa em um... http://t.co/jwbnXpKPlS', '25/6/2014', 'tweet', 185, 1),
(186, 'Aplicativo Android para seu Celular ou Tablet, baixe em\nhttp://t.co/CaqwafZSOS\n\n#SSTALENT1D http://t.co/mj5KLNywsZ', '25/6/2014', 'tweet', 186, 1),
(187, 'INSTALAMOS APLICATIVOS NO SEU CELULAR  OU TABLET ANDROID.\nATUALIZAÇÃO DE APLICATIVOS\nATUALIZAÇÃO DE SISTEMA DO... http://t.co/PNtBCDOB13', '25/6/2014', 'tweet', 187, 1),
(188, 'Aplicativo Android para seu Celular ou Tablet, baixe em\nhttp://t.co/quXU89SLzO http://t.co/PY96voQnSk', '25/6/2014', 'tweet', 188, 1),
(189, '@phspedro É bom ter projetos novos em paralelo ao smartphone, o Android de celular/tablet tá num estágio bom já!', '25/6/2014', 'tweet', 189, 3),
(190, 'Já baixou nosso Aplicativo Android para seu Celular ou Tablet? Baixe em\nhttp://t.co/quXU89SLzO http://t.co/E2no6YOLw8', '25/6/2014', 'tweet', 190, 1),
(191, 'minha mae agora que compro celular com android fica me enchendo o saco querendo baixa as coisa', '26/6/2014', 'tweet', 191, 2),
(192, 'Android: adicione funções alternativas aos botões de volume de seu celular http://t.co/t5xRl36HdF via @Tec_Mundo', '26/6/2014', 'tweet', 192, 1),
(193, 'Sera que o jon tem um celular com android? Porque eu nao', '26/6/2014', 'tweet', 193, 1),
(194, '#mobilidade Os melhores jogos para smartphone (Android e iOS) http://t.co/v2fus0txPV #smartphone #celular', '26/6/2014', 'tweet', 194, 1),
(195, 'Hoje fiz atualização para o Android 4.4.4 Kit Kat. Estou usando ART para o tempo de execução ao invés do Dalvik. Meu celular tá liso.', '26/6/2014', 'tweet', 195, 1),
(196, 'Essa atualização do meu Android fudeu com os sensores do meu celular.', '26/6/2014', 'tweet', 196, 1),
(197, 'Baixe o app do nosso jornal, para Android e iOS, no celular ou tablet, e leia nossas edições na íntegra! http://t.co/ce0ZyKrV6m', '23/6/2014', 'tweet', 197, 1),
(198, 'Já baixou o App do Agenda Poker em seu tablet ou celular?\n\nDisponível nas versões Android e IOS, você poderá... http://t.co/I8AmSUzJ5E', '18/6/2014', 'tweet', 198, 1),
(199, '#mobilidade Os melhores jogos para smartphone (Android e iOS) http://t.co/v2fus0txPV #smartphone #celular', '26/6/2014', 'tweet', 199, 1),
(200, '@thingsofbella snap pode ser para qualquer celular android ou iOs e creio que o BlackBerry também pode. Mesmo assim, não sabia que ele tinha', '25/6/2014', 'tweet', 200, 1),
(201, 'Tentando baixar versão antiga do iOS pra ver se consigo conectar wi-fi, pq o 3G não dá conta :( Como sou dependente de internet no celular..', '25/6/2014', 'tweet', 201, 1),
(202, 'essa nova interface do android não vem pro meu celular, já o iOS 8 vai ser lançado, e vai atualizar ATÉ OS IPHONE QUE TEM 2G', '25/6/2014', 'tweet', 202, 1),
(203, '@Marianasantosjb @catharinabfa eu ainda acho que você vai se arrepender se comprar outro celular que não seja iOS', '25/6/2014', 'tweet', 203, 1),
(204, 'Baixe o aplicativo do nosso site no seu celular! \nO app é disponível para iOS, Android, Nokia e Java.\n\nPara... http://t.co/bJyV0HlYKX', '25/6/2014', 'tweet', 204, 3),
(205, 'Vote pelo aplicativo do PJB no celular. Para quem tem iOS: https://t.co/asao1bKtKt', '25/6/2014', 'tweet', 205, 1),
(206, 'nossa só atualizei o ios do meu celular agora hahaha ficou ligeiro hein kk', '25/6/2014', 'tweet', 206, 1),
(207, 'Você que é parceiro da FS, já baixou o nosso app no seu celular? IOS: https://t.co/RmRhF74k2z / Android: https://t.co/uEMA2tCzxQ', '25/6/2014', 'tweet', 207, 1),
(208, '@MarquesZero Mais ou menos. A IOS é muito mais estável que o Android. OBS: Tenho um celular Android.', '25/6/2014', 'tweet', 208, 3),
(209, '@misuzusenpai meu tablet quebrou mas ganhei celular novo, tenho que criar uma conta no xbox e conectar no celular pq é windows phone qqq', '20/6/2014', 'tweet', 209, 1),
(210, 'Testando o Windows Phone 8.1 no celular. Maravilha!', '26/6/2014', 'tweet', 210, 1),
(211, 'Bateria do meu celular tá durando o dia todo com o wi-fi ou 3G ligado direto. Ponto pro Windows Phone 8.1', '25/6/2014', 'tweet', 211, 1),
(212, 'Eu ia ganhar um celular hj ai já ia ser sexta , ai agr ja vai adiar de novo e nada de celular novo e nem da bateria do meu windows phone!', '25/6/2014', 'tweet', 212, 3),
(213, '@OneTelekinetic eu carrego meu celular 3 vezes por dia Android com essa bateria é foda sdds meu Windows phone', '25/6/2014', 'tweet', 213, 2),
(214, 'Tô colocando o Windows Phone 8.1 no celular da minha irmã, mas apareceu uma coisa diferente, tô achando que é a versão final com lumia cyan', '25/6/2014', 'tweet', 214, 1),
(215, 'Vou so ajeitar a tela do meu celular e ta bom msm, mudar de celular não eh cmg. Windows Phone> Android rsrsrsrs', '25/6/2014', 'tweet', 215, 3),
(216, 'Windows Phone 8.1 começa a chegar para alguns felizardos http://t.co/ZbSGk0yCVi', '25/6/2014', 'tweet', 216, 1),
(217, 'Só que dessa vez vou querer um celular mais simples, chega de iphone e windows phone é horrível', '25/6/2014', 'tweet', 217, 2),
(218, 'Preciso de um celular que tenha android agora que o meu quebrou... O outro tem windows phone e está cada vez melhor, mas sem Insta n róla!', '25/6/2014', 'tweet', 218, 1),
(219, 'Eu tenho um celular normal, um Android, um Windows Phone, e to vendo de comprar um LG com Android agora.', '25/6/2014', 'tweet', 219, 1),
(220, 'Preciso de um celular com Androide.... Me sinto desconectada com essa merda de Windows Phone', '25/6/2014', 'tweet', 220, 2),
(221, 'gente alguem ai sabe mudar a configuração de notificação de celular windows phone REMOTAMENTE para a função "push"  ?? ~me ajudem~ é urgente', '25/6/2014', 'tweet', 221, 2),
(222, 'Gostei de um vídeo @YouTube de @ileorju http://t.co/Q5CldYvHOB Como Desbloquear Celular o Tablet Android 2014 Con la Pc', '25/6/2014', 'tweet', 222, 1),
(223, 'Gostei de um vídeo @YouTube de @ileorju http://t.co/UyAX8StVci Como Desbloquear Celular o Tablet Android 2014 Con la Pc', '25/6/2014', 'tweet', 223, 1),
(224, 'Gostei de um vídeo @YouTube de @ileorju http://t.co/3xmO3Z8Erq Como Desbloquear Celular o Tablet Android 2014 Con la Pc', '25/6/2014', 'tweet', 224, 1),
(225, 'Google I/O de hoje: Android no celular, no tablet, no relógio, na TV, no carro, no computador, no fogão, na geladeira, na caneta bic, no cac', '25/6/2014', 'tweet', 225, 1),
(226, 'O Tablet Asus Livro V é um dispositivo de combinação que possui um celular com Android que se encaixa em um... http://t.co/Y6BCRYQ58y', '25/6/2014', 'tweet', 226, 1),
(227, 'O Tablet Asus Livro V é um dispositivo de combinação que possui um celular com Android que se encaixa em um... http://t.co/jwbnXpKPlS', '25/6/2014', 'tweet', 227, 1),
(228, 'Aplicativo Android para seu Celular ou Tablet, baixe em\nhttp://t.co/CaqwafZSOS\n\n#SSTALENT1D http://t.co/mj5KLNywsZ', '25/6/2014', 'tweet', 228, 1),
(229, 'INSTALAMOS APLICATIVOS NO SEU CELULAR  OU TABLET ANDROID.\nATUALIZAÇÃO DE APLICATIVOS\nATUALIZAÇÃO DE SISTEMA DO... http://t.co/PNtBCDOB13', '25/6/2014', 'tweet', 229, 1),
(230, 'Aplicativo Android para seu Celular ou Tablet, baixe em\nhttp://t.co/quXU89SLzO http://t.co/PY96voQnSk', '25/6/2014', 'tweet', 230, 1),
(231, '@phspedro É bom ter projetos novos em paralelo ao smartphone, o Android de celular/tablet tá num estágio bom já!', '25/6/2014', 'tweet', 231, 3),
(232, 'Já baixou nosso Aplicativo Android para seu Celular ou Tablet? Baixe em\nhttp://t.co/quXU89SLzO http://t.co/E2no6YOLw8', '25/6/2014', 'tweet', 232, 1),
(233, 'minha mae agora que compro celular com android fica me enchendo o saco querendo baixa as coisa', '26/6/2014', 'tweet', 233, 2),
(234, 'Android: adicione funções alternativas aos botões de volume de seu celular http://t.co/t5xRl36HdF via @Tec_Mundo', '26/6/2014', 'tweet', 234, 1),
(235, 'Sera que o jon tem um celular com android? Porque eu nao', '26/6/2014', 'tweet', 235, 1),
(236, '#mobilidade Os melhores jogos para smartphone (Android e iOS) http://t.co/v2fus0txPV #smartphone #celular', '26/6/2014', 'tweet', 236, 1),
(237, 'Hoje fiz atualização para o Android 4.4.4 Kit Kat. Estou usando ART para o tempo de execução ao invés do Dalvik. Meu celular tá liso.', '26/6/2014', 'tweet', 237, 1),
(238, 'Essa atualização do meu Android fudeu com os sensores do meu celular.', '26/6/2014', 'tweet', 238, 1),
(239, 'Baixe o app do nosso jornal, para Android e iOS, no celular ou tablet, e leia nossas edições na íntegra! http://t.co/ce0ZyKrV6m', '23/6/2014', 'tweet', 239, 1),
(240, 'Já baixou o App do Agenda Poker em seu tablet ou celular?\n\nDisponível nas versões Android e IOS, você poderá... http://t.co/I8AmSUzJ5E', '18/6/2014', 'tweet', 240, 1),
(241, '#mobilidade Os melhores jogos para smartphone (Android e iOS) http://t.co/v2fus0txPV #smartphone #celular', '26/6/2014', 'tweet', 241, 1),
(242, '@thingsofbella snap pode ser para qualquer celular android ou iOs e creio que o BlackBerry também pode. Mesmo assim, não sabia que ele tinha', '25/6/2014', 'tweet', 242, 1),
(243, 'Tentando baixar versão antiga do iOS pra ver se consigo conectar wi-fi, pq o 3G não dá conta :( Como sou dependente de internet no celular..', '25/6/2014', 'tweet', 243, 1),
(244, 'essa nova interface do android não vem pro meu celular, já o iOS 8 vai ser lançado, e vai atualizar ATÉ OS IPHONE QUE TEM 2G', '25/6/2014', 'tweet', 244, 1),
(245, '@Marianasantosjb @catharinabfa eu ainda acho que você vai se arrepender se comprar outro celular que não seja iOS', '25/6/2014', 'tweet', 245, 1),
(246, 'Baixe o aplicativo do nosso site no seu celular! \nO app é disponível para iOS, Android, Nokia e Java.\n\nPara... http://t.co/bJyV0HlYKX', '25/6/2014', 'tweet', 246, 3),
(247, 'Vote pelo aplicativo do PJB no celular. Para quem tem iOS: https://t.co/asao1bKtKt', '25/6/2014', 'tweet', 247, 1),
(248, 'nossa só atualizei o ios do meu celular agora hahaha ficou ligeiro hein kk', '25/6/2014', 'tweet', 248, 1),
(249, 'Você que é parceiro da FS, já baixou o nosso app no seu celular? IOS: https://t.co/RmRhF74k2z / Android: https://t.co/uEMA2tCzxQ', '25/6/2014', 'tweet', 249, 1),
(250, '@MarquesZero Mais ou menos. A IOS é muito mais estável que o Android. OBS: Tenho um celular Android.', '25/6/2014', 'tweet', 250, 3),
(251, 'Eu colhi Pergaminhos: 105! Consegue fazer melhor? Baixe e descubra! http://t.co/Wvnx7YDWO6 #ipad, #ipadgames, #gameinsight', '26/6/2014', 'tweet', 251, 1),
(252, '@misuzusenpai meu tablet quebrou mas ganhei celular novo, tenho que criar uma conta no xbox e conectar no celular pq é windows phone qqq', '20/6/2014', 'tweet', 252, 1),
(253, 'Testando o Windows Phone 8.1 no celular. Maravilha!', '26/6/2014', 'tweet', 253, 1),
(254, 'Bateria do meu celular tá durando o dia todo com o wi-fi ou 3G ligado direto. Ponto pro Windows Phone 8.1', '25/6/2014', 'tweet', 254, 1),
(255, 'Eu ia ganhar um celular hj ai já ia ser sexta , ai agr ja vai adiar de novo e nada de celular novo e nem da bateria do meu windows phone!', '25/6/2014', 'tweet', 255, 3),
(256, '@OneTelekinetic eu carrego meu celular 3 vezes por dia Android com essa bateria é foda sdds meu Windows phone', '25/6/2014', 'tweet', 256, 2),
(257, 'Tô colocando o Windows Phone 8.1 no celular da minha irmã, mas apareceu uma coisa diferente, tô achando que é a versão final com lumia cyan', '25/6/2014', 'tweet', 257, 1),
(258, 'Vou so ajeitar a tela do meu celular e ta bom msm, mudar de celular não eh cmg. Windows Phone> Android rsrsrsrs', '25/6/2014', 'tweet', 258, 3),
(259, 'Windows Phone 8.1 começa a chegar para alguns felizardos http://t.co/ZbSGk0yCVi', '25/6/2014', 'tweet', 259, 1),
(260, 'Só que dessa vez vou querer um celular mais simples, chega de iphone e windows phone é horrível', '25/6/2014', 'tweet', 260, 2),
(261, 'Preciso de um celular que tenha android agora que o meu quebrou... O outro tem windows phone e está cada vez melhor, mas sem Insta n róla!', '25/6/2014', 'tweet', 261, 1),
(262, 'Eu tenho um celular normal, um Android, um Windows Phone, e to vendo de comprar um LG com Android agora.', '25/6/2014', 'tweet', 262, 1),
(263, 'Preciso de um celular com Androide.... Me sinto desconectada com essa merda de Windows Phone', '25/6/2014', 'tweet', 263, 2),
(264, 'gente alguem ai sabe mudar a configuração de notificação de celular windows phone REMOTAMENTE para a função "push"  ?? ~me ajudem~ é urgente', '25/6/2014', 'tweet', 264, 2),
(265, 'Gostei de um vídeo @YouTube de @ileorju http://t.co/Q5CldYvHOB Como Desbloquear Celular o Tablet Android 2014 Con la Pc', '25/6/2014', 'tweet', 265, 1),
(266, 'Gostei de um vídeo @YouTube de @ileorju http://t.co/UyAX8StVci Como Desbloquear Celular o Tablet Android 2014 Con la Pc', '25/6/2014', 'tweet', 266, 1),
(267, 'Gostei de um vídeo @YouTube de @ileorju http://t.co/3xmO3Z8Erq Como Desbloquear Celular o Tablet Android 2014 Con la Pc', '25/6/2014', 'tweet', 267, 1),
(268, 'Google I/O de hoje: Android no celular, no tablet, no relógio, na TV, no carro, no computador, no fogão, na geladeira, na caneta bic, no cac', '25/6/2014', 'tweet', 268, 1),
(269, 'O Tablet Asus Livro V é um dispositivo de combinação que possui um celular com Android que se encaixa em um... http://t.co/Y6BCRYQ58y', '25/6/2014', 'tweet', 269, 1),
(270, 'O Tablet Asus Livro V é um dispositivo de combinação que possui um celular com Android que se encaixa em um... http://t.co/jwbnXpKPlS', '25/6/2014', 'tweet', 270, 1),
(271, 'Aplicativo Android para seu Celular ou Tablet, baixe em\nhttp://t.co/CaqwafZSOS\n\n#SSTALENT1D http://t.co/mj5KLNywsZ', '25/6/2014', 'tweet', 271, 1),
(272, 'INSTALAMOS APLICATIVOS NO SEU CELULAR  OU TABLET ANDROID.\nATUALIZAÇÃO DE APLICATIVOS\nATUALIZAÇÃO DE SISTEMA DO... http://t.co/PNtBCDOB13', '25/6/2014', 'tweet', 272, 1),
(273, 'Aplicativo Android para seu Celular ou Tablet, baixe em\nhttp://t.co/quXU89SLzO http://t.co/PY96voQnSk', '25/6/2014', 'tweet', 273, 1),
(274, '@phspedro É bom ter projetos novos em paralelo ao smartphone, o Android de celular/tablet tá num estágio bom já!', '25/6/2014', 'tweet', 274, 3),
(275, 'Já baixou nosso Aplicativo Android para seu Celular ou Tablet? Baixe em\nhttp://t.co/quXU89SLzO http://t.co/E2no6YOLw8', '25/6/2014', 'tweet', 275, 1),
(276, 'Eu digito "corretor automático" o corretor sugere "seu celular é Android sua pobre"', '26/6/2014', 'tweet', 276, 1),
(277, 'minha mae agora que compro celular com android fica me enchendo o saco querendo baixa as coisa', '26/6/2014', 'tweet', 277, 2),
(278, 'Android: adicione funções alternativas aos botões de volume de seu celular http://t.co/t5xRl36HdF via @Tec_Mundo', '26/6/2014', 'tweet', 278, 1),
(279, 'Sera que o jon tem um celular com android? Porque eu nao', '26/6/2014', 'tweet', 279, 1),
(280, '#mobilidade Os melhores jogos para smartphone (Android e iOS) http://t.co/v2fus0txPV #smartphone #celular', '26/6/2014', 'tweet', 280, 1),
(281, 'Hoje fiz atualização para o Android 4.4.4 Kit Kat. Estou usando ART para o tempo de execução ao invés do Dalvik. Meu celular tá liso.', '26/6/2014', 'tweet', 281, 1),
(282, 'Essa atualização do meu Android fudeu com os sensores do meu celular.', '26/6/2014', 'tweet', 282, 1),
(283, 'Baixe o app do nosso jornal, para Android e iOS, no celular ou tablet, e leia nossas edições na íntegra! http://t.co/ce0ZyKrV6m', '23/6/2014', 'tweet', 283, 1),
(284, 'Já baixou o App do Agenda Poker em seu tablet ou celular?\n\nDisponível nas versões Android e IOS, você poderá... http://t.co/I8AmSUzJ5E', '18/6/2014', 'tweet', 284, 1),
(285, '#mobilidade Os melhores jogos para smartphone (Android e iOS) http://t.co/v2fus0txPV #smartphone #celular', '26/6/2014', 'tweet', 285, 1),
(286, '@thingsofbella snap pode ser para qualquer celular android ou iOs e creio que o BlackBerry também pode. Mesmo assim, não sabia que ele tinha', '25/6/2014', 'tweet', 286, 1),
(287, 'Tentando baixar versão antiga do iOS pra ver se consigo conectar wi-fi, pq o 3G não dá conta :( Como sou dependente de internet no celular..', '25/6/2014', 'tweet', 287, 1),
(288, 'essa nova interface do android não vem pro meu celular, já o iOS 8 vai ser lançado, e vai atualizar ATÉ OS IPHONE QUE TEM 2G', '25/6/2014', 'tweet', 288, 1),
(289, '@Marianasantosjb @catharinabfa eu ainda acho que você vai se arrepender se comprar outro celular que não seja iOS', '25/6/2014', 'tweet', 289, 1),
(290, 'Baixe o aplicativo do nosso site no seu celular! \nO app é disponível para iOS, Android, Nokia e Java.\n\nPara... http://t.co/bJyV0HlYKX', '25/6/2014', 'tweet', 290, 3),
(291, 'Vote pelo aplicativo do PJB no celular. Para quem tem iOS: https://t.co/asao1bKtKt', '25/6/2014', 'tweet', 291, 1),
(292, 'nossa só atualizei o ios do meu celular agora hahaha ficou ligeiro hein kk', '25/6/2014', 'tweet', 292, 1),
(293, 'Você que é parceiro da FS, já baixou o nosso app no seu celular? IOS: https://t.co/RmRhF74k2z / Android: https://t.co/uEMA2tCzxQ', '25/6/2014', 'tweet', 293, 1),
(294, '@MarquesZero Mais ou menos. A IOS é muito mais estável que o Android. OBS: Tenho um celular Android.', '25/6/2014', 'tweet', 294, 3),
(295, '@misuzusenpai meu tablet quebrou mas ganhei celular novo, tenho que criar uma conta no xbox e conectar no celular pq é windows phone qqq', '20/6/2014', 'tweet', 295, 1),
(296, 'Testando o Windows Phone 8.1 no celular. Maravilha!', '26/6/2014', 'tweet', 296, 1),
(297, 'Bateria do meu celular tá durando o dia todo com o wi-fi ou 3G ligado direto. Ponto pro Windows Phone 8.1', '25/6/2014', 'tweet', 297, 1),
(298, 'Eu ia ganhar um celular hj ai já ia ser sexta , ai agr ja vai adiar de novo e nada de celular novo e nem da bateria do meu windows phone!', '25/6/2014', 'tweet', 298, 3),
(299, '@OneTelekinetic eu carrego meu celular 3 vezes por dia Android com essa bateria é foda sdds meu Windows phone', '25/6/2014', 'tweet', 299, 2),
(300, 'Tô colocando o Windows Phone 8.1 no celular da minha irmã, mas apareceu uma coisa diferente, tô achando que é a versão final com lumia cyan', '25/6/2014', 'tweet', 300, 1),
(301, 'Vou so ajeitar a tela do meu celular e ta bom msm, mudar de celular não eh cmg. Windows Phone> Android rsrsrsrs', '25/6/2014', 'tweet', 301, 3),
(302, 'Windows Phone 8.1 começa a chegar para alguns felizardos http://t.co/ZbSGk0yCVi', '25/6/2014', 'tweet', 302, 1),
(303, 'Só que dessa vez vou querer um celular mais simples, chega de iphone e windows phone é horrível', '25/6/2014', 'tweet', 303, 2),
(304, 'Preciso de um celular que tenha android agora que o meu quebrou... O outro tem windows phone e está cada vez melhor, mas sem Insta n róla!', '25/6/2014', 'tweet', 304, 1),
(305, 'Eu tenho um celular normal, um Android, um Windows Phone, e to vendo de comprar um LG com Android agora.', '25/6/2014', 'tweet', 305, 1),
(306, 'Preciso de um celular com Androide.... Me sinto desconectada com essa merda de Windows Phone', '25/6/2014', 'tweet', 306, 2),
(307, 'gente alguem ai sabe mudar a configuração de notificação de celular windows phone REMOTAMENTE para a função "push"  ?? ~me ajudem~ é urgente', '25/6/2014', 'tweet', 307, 2),
(308, 'Gostei de um vídeo @YouTube de @ileorju http://t.co/Q5CldYvHOB Como Desbloquear Celular o Tablet Android 2014 Con la Pc', '25/6/2014', 'tweet', 308, 1),
(309, 'Gostei de um vídeo @YouTube de @ileorju http://t.co/UyAX8StVci Como Desbloquear Celular o Tablet Android 2014 Con la Pc', '25/6/2014', 'tweet', 309, 1),
(310, 'Gostei de um vídeo @YouTube de @ileorju http://t.co/3xmO3Z8Erq Como Desbloquear Celular o Tablet Android 2014 Con la Pc', '25/6/2014', 'tweet', 310, 1),
(311, 'Google I/O de hoje: Android no celular, no tablet, no relógio, na TV, no carro, no computador, no fogão, na geladeira, na caneta bic, no cac', '25/6/2014', 'tweet', 311, 1),
(312, 'O Tablet Asus Livro V é um dispositivo de combinação que possui um celular com Android que se encaixa em um... http://t.co/Y6BCRYQ58y', '25/6/2014', 'tweet', 312, 1),
(313, 'O Tablet Asus Livro V é um dispositivo de combinação que possui um celular com Android que se encaixa em um... http://t.co/jwbnXpKPlS', '25/6/2014', 'tweet', 313, 1),
(314, 'Aplicativo Android para seu Celular ou Tablet, baixe em\nhttp://t.co/CaqwafZSOS\n\n#SSTALENT1D http://t.co/mj5KLNywsZ', '25/6/2014', 'tweet', 314, 1),
(315, 'INSTALAMOS APLICATIVOS NO SEU CELULAR  OU TABLET ANDROID.\nATUALIZAÇÃO DE APLICATIVOS\nATUALIZAÇÃO DE SISTEMA DO... http://t.co/PNtBCDOB13', '25/6/2014', 'tweet', 315, 1),
(316, 'Aplicativo Android para seu Celular ou Tablet, baixe em\nhttp://t.co/quXU89SLzO http://t.co/PY96voQnSk', '25/6/2014', 'tweet', 316, 1),
(317, '@phspedro É bom ter projetos novos em paralelo ao smartphone, o Android de celular/tablet tá num estágio bom já!', '25/6/2014', 'tweet', 317, 3),
(318, 'Já baixou nosso Aplicativo Android para seu Celular ou Tablet? Baixe em\nhttp://t.co/quXU89SLzO http://t.co/E2no6YOLw8', '25/6/2014', 'tweet', 318, 1),
(319, 'Gostei de um vídeo @YouTube http://t.co/6YngS3ow3m baixar vídeos do You Tube pelo celular Android - Videoder', '26/6/2014', 'tweet', 319, 1),
(320, 'Eu digito "corretor automático" o corretor sugere "seu celular é Android sua pobre"', '26/6/2014', 'tweet', 320, 1),
(321, 'minha mae agora que compro celular com android fica me enchendo o saco querendo baixa as coisa', '26/6/2014', 'tweet', 321, 2),
(322, 'Android: adicione funções alternativas aos botões de volume de seu celular http://t.co/t5xRl36HdF via @Tec_Mundo', '26/6/2014', 'tweet', 322, 1),
(323, 'Sera que o jon tem um celular com android? Porque eu nao', '26/6/2014', 'tweet', 323, 1),
(324, '#mobilidade Os melhores jogos para smartphone (Android e iOS) http://t.co/v2fus0txPV #smartphone #celular', '26/6/2014', 'tweet', 324, 1),
(325, 'Baixe o app do nosso jornal, para Android e iOS, no celular ou tablet, e leia nossas edições na íntegra! http://t.co/ce0ZyKrV6m', '23/6/2014', 'tweet', 325, 1),
(326, 'Já baixou o App do Agenda Poker em seu tablet ou celular?\n\nDisponível nas versões Android e IOS, você poderá... http://t.co/I8AmSUzJ5E', '18/6/2014', 'tweet', 326, 1),
(327, 'n sei se é ios ou se é meu celular msm', '26/6/2014', 'tweet', 327, 1);
INSERT INTO `Tweet` (`idTweet`, `postTweet`, `dataTweet`, `tipoTweet`, `Usuario_idUsuario`, `Sentimento_idSentimento`) VALUES
(328, '#mobilidade Os melhores jogos para smartphone (Android e iOS) http://t.co/v2fus0txPV #smartphone #celular', '26/6/2014', 'tweet', 328, 1),
(329, '@thingsofbella snap pode ser para qualquer celular android ou iOs e creio que o BlackBerry também pode. Mesmo assim, não sabia que ele tinha', '25/6/2014', 'tweet', 329, 1),
(330, 'Tentando baixar versão antiga do iOS pra ver se consigo conectar wi-fi, pq o 3G não dá conta :( Como sou dependente de internet no celular..', '25/6/2014', 'tweet', 330, 1),
(331, 'essa nova interface do android não vem pro meu celular, já o iOS 8 vai ser lançado, e vai atualizar ATÉ OS IPHONE QUE TEM 2G', '25/6/2014', 'tweet', 331, 1),
(332, '@Marianasantosjb @catharinabfa eu ainda acho que você vai se arrepender se comprar outro celular que não seja iOS', '25/6/2014', 'tweet', 332, 1),
(333, 'Baixe o aplicativo do nosso site no seu celular! \nO app é disponível para iOS, Android, Nokia e Java.\n\nPara... http://t.co/bJyV0HlYKX', '25/6/2014', 'tweet', 333, 3),
(334, 'Vote pelo aplicativo do PJB no celular. Para quem tem iOS: https://t.co/asao1bKtKt', '25/6/2014', 'tweet', 334, 1),
(335, 'nossa só atualizei o ios do meu celular agora hahaha ficou ligeiro hein kk', '25/6/2014', 'tweet', 335, 1),
(336, 'Você que é parceiro da FS, já baixou o nosso app no seu celular? IOS: https://t.co/RmRhF74k2z / Android: https://t.co/uEMA2tCzxQ', '25/6/2014', 'tweet', 336, 1),
(337, '@MarquesZero Mais ou menos. A IOS é muito mais estável que o Android. OBS: Tenho um celular Android.', '25/6/2014', 'tweet', 337, 3),
(338, 'Vai acabar a bateria do ipad ??', '26/6/2014', 'tweet', 338, 1),
(339, '@misuzusenpai meu tablet quebrou mas ganhei celular novo, tenho que criar uma conta no xbox e conectar no celular pq é windows phone qqq', '20/6/2014', 'tweet', 339, 1),
(340, 'Testando o Windows Phone 8.1 no celular. Maravilha!', '26/6/2014', 'tweet', 340, 1),
(341, 'Bateria do meu celular tá durando o dia todo com o wi-fi ou 3G ligado direto. Ponto pro Windows Phone 8.1', '25/6/2014', 'tweet', 341, 1),
(342, 'Eu ia ganhar um celular hj ai já ia ser sexta , ai agr ja vai adiar de novo e nada de celular novo e nem da bateria do meu windows phone!', '25/6/2014', 'tweet', 342, 3),
(343, '@OneTelekinetic eu carrego meu celular 3 vezes por dia Android com essa bateria é foda sdds meu Windows phone', '25/6/2014', 'tweet', 343, 2),
(344, 'Tô colocando o Windows Phone 8.1 no celular da minha irmã, mas apareceu uma coisa diferente, tô achando que é a versão final com lumia cyan', '25/6/2014', 'tweet', 344, 1),
(345, 'Vou so ajeitar a tela do meu celular e ta bom msm, mudar de celular não eh cmg. Windows Phone> Android rsrsrsrs', '25/6/2014', 'tweet', 345, 3),
(346, 'Windows Phone 8.1 começa a chegar para alguns felizardos http://t.co/ZbSGk0yCVi', '25/6/2014', 'tweet', 346, 1),
(347, 'Só que dessa vez vou querer um celular mais simples, chega de iphone e windows phone é horrível', '25/6/2014', 'tweet', 347, 2),
(348, 'Preciso de um celular que tenha android agora que o meu quebrou... O outro tem windows phone e está cada vez melhor, mas sem Insta n róla!', '25/6/2014', 'tweet', 348, 1),
(349, 'Eu tenho um celular normal, um Android, um Windows Phone, e to vendo de comprar um LG com Android agora.', '25/6/2014', 'tweet', 349, 1),
(350, 'Preciso de um celular com Androide.... Me sinto desconectada com essa merda de Windows Phone', '25/6/2014', 'tweet', 350, 2),
(351, 'gente alguem ai sabe mudar a configuração de notificação de celular windows phone REMOTAMENTE para a função "push"  ?? ~me ajudem~ é urgente', '25/6/2014', 'tweet', 351, 2),
(352, 'Gostei de um vídeo @YouTube de @ileorju http://t.co/Q5CldYvHOB Como Desbloquear Celular o Tablet Android 2014 Con la Pc', '25/6/2014', 'tweet', 352, 1),
(353, 'Gostei de um vídeo @YouTube de @ileorju http://t.co/UyAX8StVci Como Desbloquear Celular o Tablet Android 2014 Con la Pc', '25/6/2014', 'tweet', 353, 1),
(354, 'Gostei de um vídeo @YouTube de @ileorju http://t.co/3xmO3Z8Erq Como Desbloquear Celular o Tablet Android 2014 Con la Pc', '25/6/2014', 'tweet', 354, 1),
(355, 'Google I/O de hoje: Android no celular, no tablet, no relógio, na TV, no carro, no computador, no fogão, na geladeira, na caneta bic, no cac', '25/6/2014', 'tweet', 355, 1),
(356, 'O Tablet Asus Livro V é um dispositivo de combinação que possui um celular com Android que se encaixa em um... http://t.co/Y6BCRYQ58y', '25/6/2014', 'tweet', 356, 1),
(357, 'O Tablet Asus Livro V é um dispositivo de combinação que possui um celular com Android que se encaixa em um... http://t.co/jwbnXpKPlS', '25/6/2014', 'tweet', 357, 1),
(358, 'Aplicativo Android para seu Celular ou Tablet, baixe em\nhttp://t.co/CaqwafZSOS\n\n#SSTALENT1D http://t.co/mj5KLNywsZ', '25/6/2014', 'tweet', 358, 1),
(359, 'INSTALAMOS APLICATIVOS NO SEU CELULAR  OU TABLET ANDROID.\nATUALIZAÇÃO DE APLICATIVOS\nATUALIZAÇÃO DE SISTEMA DO... http://t.co/PNtBCDOB13', '25/6/2014', 'tweet', 359, 1),
(360, 'Aplicativo Android para seu Celular ou Tablet, baixe em\nhttp://t.co/quXU89SLzO http://t.co/PY96voQnSk', '25/6/2014', 'tweet', 360, 1),
(361, '@phspedro É bom ter projetos novos em paralelo ao smartphone, o Android de celular/tablet tá num estágio bom já!', '25/6/2014', 'tweet', 361, 3),
(362, 'Já baixou nosso Aplicativo Android para seu Celular ou Tablet? Baixe em\nhttp://t.co/quXU89SLzO http://t.co/E2no6YOLw8', '25/6/2014', 'tweet', 362, 1),
(363, 'Gostei de um vídeo @YouTube http://t.co/6YngS3ow3m baixar vídeos do You Tube pelo celular Android - Videoder', '26/6/2014', 'tweet', 363, 1),
(364, 'Eu digito "corretor automático" o corretor sugere "seu celular é Android sua pobre"', '26/6/2014', 'tweet', 364, 1),
(365, 'minha mae agora que compro celular com android fica me enchendo o saco querendo baixa as coisa', '26/6/2014', 'tweet', 365, 2),
(366, 'Android: adicione funções alternativas aos botões de volume de seu celular http://t.co/t5xRl36HdF via @Tec_Mundo', '26/6/2014', 'tweet', 366, 1),
(367, 'Sera que o jon tem um celular com android? Porque eu nao', '26/6/2014', 'tweet', 367, 1),
(368, '#mobilidade Os melhores jogos para smartphone (Android e iOS) http://t.co/v2fus0txPV #smartphone #celular', '26/6/2014', 'tweet', 368, 1),
(369, 'Baixe o app do nosso jornal, para Android e iOS, no celular ou tablet, e leia nossas edições na íntegra! http://t.co/ce0ZyKrV6m', '23/6/2014', 'tweet', 369, 1),
(370, 'Já baixou o App do Agenda Poker em seu tablet ou celular?\n\nDisponível nas versões Android e IOS, você poderá... http://t.co/I8AmSUzJ5E', '18/6/2014', 'tweet', 370, 1),
(371, 'Crl a porra do iOS apagou td do meu celular socorro', '26/6/2014', 'tweet', 371, 1),
(372, 'n sei se é ios ou se é meu celular msm', '26/6/2014', 'tweet', 372, 1),
(373, '#mobilidade Os melhores jogos para smartphone (Android e iOS) http://t.co/v2fus0txPV #smartphone #celular', '26/6/2014', 'tweet', 373, 1),
(374, '@thingsofbella snap pode ser para qualquer celular android ou iOs e creio que o BlackBerry também pode. Mesmo assim, não sabia que ele tinha', '25/6/2014', 'tweet', 374, 1),
(375, 'Tentando baixar versão antiga do iOS pra ver se consigo conectar wi-fi, pq o 3G não dá conta :( Como sou dependente de internet no celular..', '25/6/2014', 'tweet', 375, 1),
(376, 'essa nova interface do android não vem pro meu celular, já o iOS 8 vai ser lançado, e vai atualizar ATÉ OS IPHONE QUE TEM 2G', '25/6/2014', 'tweet', 376, 1),
(377, '@Marianasantosjb @catharinabfa eu ainda acho que você vai se arrepender se comprar outro celular que não seja iOS', '25/6/2014', 'tweet', 377, 1),
(378, 'Baixe o aplicativo do nosso site no seu celular! \nO app é disponível para iOS, Android, Nokia e Java.\n\nPara... http://t.co/bJyV0HlYKX', '25/6/2014', 'tweet', 378, 3),
(379, 'Vote pelo aplicativo do PJB no celular. Para quem tem iOS: https://t.co/asao1bKtKt', '25/6/2014', 'tweet', 379, 1),
(380, 'nossa só atualizei o ios do meu celular agora hahaha ficou ligeiro hein kk', '25/6/2014', 'tweet', 380, 1),
(381, 'Você que é parceiro da FS, já baixou o nosso app no seu celular? IOS: https://t.co/RmRhF74k2z / Android: https://t.co/uEMA2tCzxQ', '25/6/2014', 'tweet', 381, 1),
(382, 'eu fico indignado com a existencia do ipad', '26/6/2014', 'tweet', 382, 2),
(383, '@misuzusenpai meu tablet quebrou mas ganhei celular novo, tenho que criar uma conta no xbox e conectar no celular pq é windows phone qqq', '20/6/2014', 'tweet', 383, 1),
(384, 'Testando o Windows Phone 8.1 no celular. Maravilha!', '26/6/2014', 'tweet', 384, 1),
(385, 'Bateria do meu celular tá durando o dia todo com o wi-fi ou 3G ligado direto. Ponto pro Windows Phone 8.1', '25/6/2014', 'tweet', 385, 1),
(386, 'Eu ia ganhar um celular hj ai já ia ser sexta , ai agr ja vai adiar de novo e nada de celular novo e nem da bateria do meu windows phone!', '25/6/2014', 'tweet', 386, 3),
(387, '@OneTelekinetic eu carrego meu celular 3 vezes por dia Android com essa bateria é foda sdds meu Windows phone', '25/6/2014', 'tweet', 387, 2),
(388, 'Tô colocando o Windows Phone 8.1 no celular da minha irmã, mas apareceu uma coisa diferente, tô achando que é a versão final com lumia cyan', '25/6/2014', 'tweet', 388, 1),
(389, 'Vou so ajeitar a tela do meu celular e ta bom msm, mudar de celular não eh cmg. Windows Phone> Android rsrsrsrs', '25/6/2014', 'tweet', 389, 3),
(390, 'Windows Phone 8.1 começa a chegar para alguns felizardos http://t.co/ZbSGk0yCVi', '25/6/2014', 'tweet', 390, 1),
(391, 'Só que dessa vez vou querer um celular mais simples, chega de iphone e windows phone é horrível', '25/6/2014', 'tweet', 391, 2),
(392, 'Preciso de um celular que tenha android agora que o meu quebrou... O outro tem windows phone e está cada vez melhor, mas sem Insta n róla!', '25/6/2014', 'tweet', 392, 1),
(393, 'Eu tenho um celular normal, um Android, um Windows Phone, e to vendo de comprar um LG com Android agora.', '25/6/2014', 'tweet', 393, 1),
(394, 'Preciso de um celular com Androide.... Me sinto desconectada com essa merda de Windows Phone', '25/6/2014', 'tweet', 394, 2),
(395, 'gente alguem ai sabe mudar a configuração de notificação de celular windows phone REMOTAMENTE para a função "push"  ?? ~me ajudem~ é urgente', '25/6/2014', 'tweet', 395, 2),
(396, 'Gostei de um vídeo @YouTube de @ileorju http://t.co/Q5CldYvHOB Como Desbloquear Celular o Tablet Android 2014 Con la Pc', '25/6/2014', 'tweet', 396, 1),
(397, 'Gostei de um vídeo @YouTube de @ileorju http://t.co/UyAX8StVci Como Desbloquear Celular o Tablet Android 2014 Con la Pc', '25/6/2014', 'tweet', 397, 1),
(398, 'Gostei de um vídeo @YouTube de @ileorju http://t.co/3xmO3Z8Erq Como Desbloquear Celular o Tablet Android 2014 Con la Pc', '25/6/2014', 'tweet', 398, 1),
(399, 'Google I/O de hoje: Android no celular, no tablet, no relógio, na TV, no carro, no computador, no fogão, na geladeira, na caneta bic, no cac', '25/6/2014', 'tweet', 399, 1),
(400, 'O Tablet Asus Livro V é um dispositivo de combinação que possui um celular com Android que se encaixa em um... http://t.co/Y6BCRYQ58y', '25/6/2014', 'tweet', 400, 1),
(401, 'O Tablet Asus Livro V é um dispositivo de combinação que possui um celular com Android que se encaixa em um... http://t.co/jwbnXpKPlS', '25/6/2014', 'tweet', 401, 1),
(402, 'Aplicativo Android para seu Celular ou Tablet, baixe em\nhttp://t.co/CaqwafZSOS\n\n#SSTALENT1D http://t.co/mj5KLNywsZ', '25/6/2014', 'tweet', 402, 1),
(403, 'INSTALAMOS APLICATIVOS NO SEU CELULAR  OU TABLET ANDROID.\nATUALIZAÇÃO DE APLICATIVOS\nATUALIZAÇÃO DE SISTEMA DO... http://t.co/PNtBCDOB13', '25/6/2014', 'tweet', 403, 1),
(404, 'Aplicativo Android para seu Celular ou Tablet, baixe em\nhttp://t.co/quXU89SLzO http://t.co/PY96voQnSk', '25/6/2014', 'tweet', 404, 1),
(405, '@phspedro É bom ter projetos novos em paralelo ao smartphone, o Android de celular/tablet tá num estágio bom já!', '25/6/2014', 'tweet', 405, 3),
(406, 'Já baixou nosso Aplicativo Android para seu Celular ou Tablet? Baixe em\nhttp://t.co/quXU89SLzO http://t.co/E2no6YOLw8', '25/6/2014', 'tweet', 406, 1),
(407, 'Gostei de um vídeo @YouTube http://t.co/6YngS3ow3m baixar vídeos do You Tube pelo celular Android - Videoder', '26/6/2014', 'tweet', 407, 1),
(408, 'Eu digito "corretor automático" o corretor sugere "seu celular é Android sua pobre"', '26/6/2014', 'tweet', 408, 1),
(409, 'minha mae agora que compro celular com android fica me enchendo o saco querendo baixa as coisa', '26/6/2014', 'tweet', 409, 2),
(410, 'Android: adicione funções alternativas aos botões de volume de seu celular http://t.co/t5xRl36HdF via @Tec_Mundo', '26/6/2014', 'tweet', 410, 1),
(411, 'Sera que o jon tem um celular com android? Porque eu nao', '26/6/2014', 'tweet', 411, 1),
(412, 'Baixe o app do nosso jornal, para Android e iOS, no celular ou tablet, e leia nossas edições na íntegra! http://t.co/ce0ZyKrV6m', '23/6/2014', 'tweet', 412, 1),
(413, 'Já baixou o App do Agenda Poker em seu tablet ou celular?\n\nDisponível nas versões Android e IOS, você poderá... http://t.co/I8AmSUzJ5E', '18/6/2014', 'tweet', 413, 1),
(414, 'Crl a porra do iOS apagou td do meu celular socorro', '26/6/2014', 'tweet', 414, 1),
(415, 'n sei se é ios ou se é meu celular msm', '26/6/2014', 'tweet', 415, 1),
(416, '#mobilidade Os melhores jogos para smartphone (Android e iOS) http://t.co/v2fus0txPV #smartphone #celular', '26/6/2014', 'tweet', 416, 1),
(417, '@thingsofbella snap pode ser para qualquer celular android ou iOs e creio que o BlackBerry também pode. Mesmo assim, não sabia que ele tinha', '25/6/2014', 'tweet', 417, 1),
(418, 'Tentando baixar versão antiga do iOS pra ver se consigo conectar wi-fi, pq o 3G não dá conta :( Como sou dependente de internet no celular..', '25/6/2014', 'tweet', 418, 1),
(419, 'essa nova interface do android não vem pro meu celular, já o iOS 8 vai ser lançado, e vai atualizar ATÉ OS IPHONE QUE TEM 2G', '25/6/2014', 'tweet', 419, 1),
(420, '@Marianasantosjb @catharinabfa eu ainda acho que você vai se arrepender se comprar outro celular que não seja iOS', '25/6/2014', 'tweet', 420, 1),
(421, 'Baixe o aplicativo do nosso site no seu celular! \nO app é disponível para iOS, Android, Nokia e Java.\n\nPara... http://t.co/bJyV0HlYKX', '25/6/2014', 'tweet', 421, 3),
(422, 'Vote pelo aplicativo do PJB no celular. Para quem tem iOS: https://t.co/asao1bKtKt', '25/6/2014', 'tweet', 422, 1),
(423, 'nossa só atualizei o ios do meu celular agora hahaha ficou ligeiro hein kk', '25/6/2014', 'tweet', 423, 1),
(424, 'Você que é parceiro da FS, já baixou o nosso app no seu celular? IOS: https://t.co/RmRhF74k2z / Android: https://t.co/uEMA2tCzxQ', '25/6/2014', 'tweet', 424, 1),
(425, 'Posso ir a Dirigível! Já descobriu a localização? http://t.co/twRDgsuO4y #iPad #iPadGames #GameInsight', '26/6/2014', 'tweet', 425, 1),
(426, '@misuzusenpai meu tablet quebrou mas ganhei celular novo, tenho que criar uma conta no xbox e conectar no celular pq é windows phone qqq', '20/6/2014', 'tweet', 426, 1),
(427, '@shhquiet_ e meu celular que é Windows Phone e eles NÃO VÃO LANÇAR A VERSÃO PRA WP? -.-', '26/6/2014', 'tweet', 427, 1),
(428, 'Testando o Windows Phone 8.1 no celular. Maravilha!', '26/6/2014', 'tweet', 428, 1),
(429, 'Bateria do meu celular tá durando o dia todo com o wi-fi ou 3G ligado direto. Ponto pro Windows Phone 8.1', '25/6/2014', 'tweet', 429, 1),
(430, 'Eu ia ganhar um celular hj ai já ia ser sexta , ai agr ja vai adiar de novo e nada de celular novo e nem da bateria do meu windows phone!', '25/6/2014', 'tweet', 430, 3),
(431, '@OneTelekinetic eu carrego meu celular 3 vezes por dia Android com essa bateria é foda sdds meu Windows phone', '25/6/2014', 'tweet', 431, 2),
(432, 'Tô colocando o Windows Phone 8.1 no celular da minha irmã, mas apareceu uma coisa diferente, tô achando que é a versão final com lumia cyan', '25/6/2014', 'tweet', 432, 1),
(433, 'Vou so ajeitar a tela do meu celular e ta bom msm, mudar de celular não eh cmg. Windows Phone> Android rsrsrsrs', '25/6/2014', 'tweet', 433, 3),
(434, 'Windows Phone 8.1 começa a chegar para alguns felizardos http://t.co/ZbSGk0yCVi', '25/6/2014', 'tweet', 434, 1),
(435, 'Só que dessa vez vou querer um celular mais simples, chega de iphone e windows phone é horrível', '25/6/2014', 'tweet', 435, 2),
(436, 'Preciso de um celular que tenha android agora que o meu quebrou... O outro tem windows phone e está cada vez melhor, mas sem Insta n róla!', '25/6/2014', 'tweet', 436, 1),
(437, 'Eu tenho um celular normal, um Android, um Windows Phone, e to vendo de comprar um LG com Android agora.', '25/6/2014', 'tweet', 437, 1),
(438, 'Preciso de um celular com Androide.... Me sinto desconectada com essa merda de Windows Phone', '25/6/2014', 'tweet', 438, 2),
(439, 'gente alguem ai sabe mudar a configuração de notificação de celular windows phone REMOTAMENTE para a função "push"  ?? ~me ajudem~ é urgente', '25/6/2014', 'tweet', 439, 2),
(440, 'Gostei de um vídeo @YouTube de @ileorju http://t.co/Q5CldYvHOB Como Desbloquear Celular o Tablet Android 2014 Con la Pc', '25/6/2014', 'tweet', 440, 1),
(441, 'Gostei de um vídeo @YouTube de @ileorju http://t.co/UyAX8StVci Como Desbloquear Celular o Tablet Android 2014 Con la Pc', '25/6/2014', 'tweet', 441, 1),
(442, 'Gostei de um vídeo @YouTube de @ileorju http://t.co/3xmO3Z8Erq Como Desbloquear Celular o Tablet Android 2014 Con la Pc', '25/6/2014', 'tweet', 442, 1),
(443, 'Google I/O de hoje: Android no celular, no tablet, no relógio, na TV, no carro, no computador, no fogão, na geladeira, na caneta bic, no cac', '25/6/2014', 'tweet', 443, 1),
(444, 'O Tablet Asus Livro V é um dispositivo de combinação que possui um celular com Android que se encaixa em um... http://t.co/Y6BCRYQ58y', '25/6/2014', 'tweet', 444, 1),
(445, 'O Tablet Asus Livro V é um dispositivo de combinação que possui um celular com Android que se encaixa em um... http://t.co/jwbnXpKPlS', '25/6/2014', 'tweet', 445, 1),
(446, 'Aplicativo Android para seu Celular ou Tablet, baixe em\nhttp://t.co/CaqwafZSOS\n\n#SSTALENT1D http://t.co/mj5KLNywsZ', '25/6/2014', 'tweet', 446, 1),
(447, 'INSTALAMOS APLICATIVOS NO SEU CELULAR  OU TABLET ANDROID.\nATUALIZAÇÃO DE APLICATIVOS\nATUALIZAÇÃO DE SISTEMA DO... http://t.co/PNtBCDOB13', '25/6/2014', 'tweet', 447, 1),
(448, 'Aplicativo Android para seu Celular ou Tablet, baixe em\nhttp://t.co/quXU89SLzO http://t.co/PY96voQnSk', '25/6/2014', 'tweet', 448, 1),
(449, '@phspedro É bom ter projetos novos em paralelo ao smartphone, o Android de celular/tablet tá num estágio bom já!', '25/6/2014', 'tweet', 449, 3),
(450, 'Já baixou nosso Aplicativo Android para seu Celular ou Tablet? Baixe em\nhttp://t.co/quXU89SLzO http://t.co/E2no6YOLw8', '25/6/2014', 'tweet', 450, 1),
(451, 'SO EU Q NA WHATS?NEM CELULAR EU TENHO COM ANDROID ''-''', '26/6/2014', 'tweet', 451, 1),
(452, 'Eu digito "corretor automático" o corretor sugere "seu celular é Android sua pobre"', '26/6/2014', 'tweet', 452, 1),
(453, 'Gostei de um vídeo @YouTube http://t.co/6YngS3ow3m baixar vídeos do You Tube pelo celular Android - Videoder', '26/6/2014', 'tweet', 453, 1),
(454, 'Eu digito "corretor automático" o corretor sugere "seu celular é Android sua pobre"', '26/6/2014', 'tweet', 454, 1),
(455, 'minha mae agora que compro celular com android fica me enchendo o saco querendo baixa as coisa', '26/6/2014', 'tweet', 455, 2),
(456, 'Baixe o app do nosso jornal, para Android e iOS, no celular ou tablet, e leia nossas edições na íntegra! http://t.co/ce0ZyKrV6m', '23/6/2014', 'tweet', 456, 1),
(457, 'Já baixou o App do Agenda Poker em seu tablet ou celular?\n\nDisponível nas versões Android e IOS, você poderá... http://t.co/I8AmSUzJ5E', '18/6/2014', 'tweet', 457, 1),
(458, 'Crl a porra do iOS apagou td do meu celular socorro', '26/6/2014', 'tweet', 458, 1),
(459, 'n sei se é ios ou se é meu celular msm', '26/6/2014', 'tweet', 459, 1),
(460, '#mobilidade Os melhores jogos para smartphone (Android e iOS) http://t.co/v2fus0txPV #smartphone #celular', '26/6/2014', 'tweet', 460, 1),
(461, '@thingsofbella snap pode ser para qualquer celular android ou iOs e creio que o BlackBerry também pode. Mesmo assim, não sabia que ele tinha', '25/6/2014', 'tweet', 461, 1),
(462, 'Tentando baixar versão antiga do iOS pra ver se consigo conectar wi-fi, pq o 3G não dá conta :( Como sou dependente de internet no celular..', '25/6/2014', 'tweet', 462, 1),
(463, 'essa nova interface do android não vem pro meu celular, já o iOS 8 vai ser lançado, e vai atualizar ATÉ OS IPHONE QUE TEM 2G', '25/6/2014', 'tweet', 463, 1),
(464, '@Marianasantosjb @catharinabfa eu ainda acho que você vai se arrepender se comprar outro celular que não seja iOS', '25/6/2014', 'tweet', 464, 1),
(465, 'Baixe o aplicativo do nosso site no seu celular! \nO app é disponível para iOS, Android, Nokia e Java.\n\nPara... http://t.co/bJyV0HlYKX', '25/6/2014', 'tweet', 465, 3),
(466, 'Vote pelo aplicativo do PJB no celular. Para quem tem iOS: https://t.co/asao1bKtKt', '25/6/2014', 'tweet', 466, 1),
(467, 'nossa só atualizei o ios do meu celular agora hahaha ficou ligeiro hein kk', '25/6/2014', 'tweet', 467, 1),
(468, 'Você que é parceiro da FS, já baixou o nosso app no seu celular? IOS: https://t.co/RmRhF74k2z / Android: https://t.co/uEMA2tCzxQ', '25/6/2014', 'tweet', 468, 1),
(469, '@misuzusenpai meu tablet quebrou mas ganhei celular novo, tenho que criar uma conta no xbox e conectar no celular pq é windows phone qqq', '20/6/2014', 'tweet', 469, 1),
(470, '@shhquiet_ e meu celular que é Windows Phone e eles NÃO VÃO LANÇAR A VERSÃO PRA WP? -.-', '26/6/2014', 'tweet', 470, 1),
(471, 'Testando o Windows Phone 8.1 no celular. Maravilha!', '26/6/2014', 'tweet', 471, 1),
(472, 'Bateria do meu celular tá durando o dia todo com o wi-fi ou 3G ligado direto. Ponto pro Windows Phone 8.1', '25/6/2014', 'tweet', 472, 1),
(473, 'Eu ia ganhar um celular hj ai já ia ser sexta , ai agr ja vai adiar de novo e nada de celular novo e nem da bateria do meu windows phone!', '25/6/2014', 'tweet', 473, 3),
(474, '@OneTelekinetic eu carrego meu celular 3 vezes por dia Android com essa bateria é foda sdds meu Windows phone', '25/6/2014', 'tweet', 474, 2),
(475, 'Tô colocando o Windows Phone 8.1 no celular da minha irmã, mas apareceu uma coisa diferente, tô achando que é a versão final com lumia cyan', '25/6/2014', 'tweet', 475, 1),
(476, 'Vou so ajeitar a tela do meu celular e ta bom msm, mudar de celular não eh cmg. Windows Phone> Android rsrsrsrs', '25/6/2014', 'tweet', 476, 3),
(477, 'Windows Phone 8.1 começa a chegar para alguns felizardos http://t.co/ZbSGk0yCVi', '25/6/2014', 'tweet', 477, 1),
(478, 'Só que dessa vez vou querer um celular mais simples, chega de iphone e windows phone é horrível', '25/6/2014', 'tweet', 478, 2),
(479, 'Preciso de um celular que tenha android agora que o meu quebrou... O outro tem windows phone e está cada vez melhor, mas sem Insta n róla!', '25/6/2014', 'tweet', 479, 1),
(480, 'Eu tenho um celular normal, um Android, um Windows Phone, e to vendo de comprar um LG com Android agora.', '25/6/2014', 'tweet', 480, 1),
(481, 'Preciso de um celular com Androide.... Me sinto desconectada com essa merda de Windows Phone', '25/6/2014', 'tweet', 481, 2),
(482, 'gente alguem ai sabe mudar a configuração de notificação de celular windows phone REMOTAMENTE para a função "push"  ?? ~me ajudem~ é urgente', '25/6/2014', 'tweet', 482, 2),
(483, 'Gostei de um vídeo @YouTube de @ileorju http://t.co/Q5CldYvHOB Como Desbloquear Celular o Tablet Android 2014 Con la Pc', '25/6/2014', 'tweet', 483, 1),
(484, 'Gostei de um vídeo @YouTube de @ileorju http://t.co/UyAX8StVci Como Desbloquear Celular o Tablet Android 2014 Con la Pc', '25/6/2014', 'tweet', 484, 1),
(485, 'Gostei de um vídeo @YouTube de @ileorju http://t.co/3xmO3Z8Erq Como Desbloquear Celular o Tablet Android 2014 Con la Pc', '25/6/2014', 'tweet', 485, 1),
(486, 'Google I/O de hoje: Android no celular, no tablet, no relógio, na TV, no carro, no computador, no fogão, na geladeira, na caneta bic, no cac', '25/6/2014', 'tweet', 486, 1),
(487, 'O Tablet Asus Livro V é um dispositivo de combinação que possui um celular com Android que se encaixa em um... http://t.co/Y6BCRYQ58y', '25/6/2014', 'tweet', 487, 1),
(488, 'O Tablet Asus Livro V é um dispositivo de combinação que possui um celular com Android que se encaixa em um... http://t.co/jwbnXpKPlS', '25/6/2014', 'tweet', 488, 1),
(489, 'Aplicativo Android para seu Celular ou Tablet, baixe em\nhttp://t.co/CaqwafZSOS\n\n#SSTALENT1D http://t.co/mj5KLNywsZ', '25/6/2014', 'tweet', 489, 1),
(490, 'INSTALAMOS APLICATIVOS NO SEU CELULAR  OU TABLET ANDROID.\nATUALIZAÇÃO DE APLICATIVOS\nATUALIZAÇÃO DE SISTEMA DO... http://t.co/PNtBCDOB13', '25/6/2014', 'tweet', 490, 1),
(491, 'Aplicativo Android para seu Celular ou Tablet, baixe em\nhttp://t.co/quXU89SLzO http://t.co/PY96voQnSk', '25/6/2014', 'tweet', 491, 1),
(492, '@phspedro É bom ter projetos novos em paralelo ao smartphone, o Android de celular/tablet tá num estágio bom já!', '25/6/2014', 'tweet', 492, 3),
(493, 'Já baixou nosso Aplicativo Android para seu Celular ou Tablet? Baixe em\nhttp://t.co/quXU89SLzO http://t.co/E2no6YOLw8', '25/6/2014', 'tweet', 493, 1),
(494, 'SO EU Q NA WHATS?NEM CELULAR EU TENHO COM ANDROID ''-''', '26/6/2014', 'tweet', 494, 1),
(495, 'Eu digito "corretor automático" o corretor sugere "seu celular é Android sua pobre"', '26/6/2014', 'tweet', 495, 1),
(496, 'Gostei de um vídeo @YouTube http://t.co/6YngS3ow3m baixar vídeos do You Tube pelo celular Android - Videoder', '26/6/2014', 'tweet', 496, 1),
(497, 'Eu digito "corretor automático" o corretor sugere "seu celular é Android sua pobre"', '26/6/2014', 'tweet', 497, 1),
(498, 'minha mae agora que compro celular com android fica me enchendo o saco querendo baixa as coisa', '26/6/2014', 'tweet', 498, 2),
(499, 'Baixe o app do nosso jornal, para Android e iOS, no celular ou tablet, e leia nossas edições na íntegra! http://t.co/ce0ZyKrV6m', '23/6/2014', 'tweet', 499, 1),
(500, 'Já baixou o App do Agenda Poker em seu tablet ou celular?\n\nDisponível nas versões Android e IOS, você poderá... http://t.co/I8AmSUzJ5E', '18/6/2014', 'tweet', 500, 1),
(501, 'Crl a porra do iOS apagou td do meu celular socorro', '26/6/2014', 'tweet', 501, 1),
(502, 'n sei se é ios ou se é meu celular msm', '26/6/2014', 'tweet', 502, 1),
(503, '#mobilidade Os melhores jogos para smartphone (Android e iOS) http://t.co/v2fus0txPV #smartphone #celular', '26/6/2014', 'tweet', 503, 1),
(504, '@thingsofbella snap pode ser para qualquer celular android ou iOs e creio que o BlackBerry também pode. Mesmo assim, não sabia que ele tinha', '25/6/2014', 'tweet', 504, 1),
(505, 'Tentando baixar versão antiga do iOS pra ver se consigo conectar wi-fi, pq o 3G não dá conta :( Como sou dependente de internet no celular..', '25/6/2014', 'tweet', 505, 1),
(506, 'essa nova interface do android não vem pro meu celular, já o iOS 8 vai ser lançado, e vai atualizar ATÉ OS IPHONE QUE TEM 2G', '25/6/2014', 'tweet', 506, 1),
(507, '@Marianasantosjb @catharinabfa eu ainda acho que você vai se arrepender se comprar outro celular que não seja iOS', '25/6/2014', 'tweet', 507, 1),
(508, 'Baixe o aplicativo do nosso site no seu celular! \nO app é disponível para iOS, Android, Nokia e Java.\n\nPara... http://t.co/bJyV0HlYKX', '25/6/2014', 'tweet', 508, 3),
(509, 'Vote pelo aplicativo do PJB no celular. Para quem tem iOS: https://t.co/asao1bKtKt', '25/6/2014', 'tweet', 509, 1),
(510, 'nossa só atualizei o ios do meu celular agora hahaha ficou ligeiro hein kk', '25/6/2014', 'tweet', 510, 1),
(511, 'Você que é parceiro da FS, já baixou o nosso app no seu celular? IOS: https://t.co/RmRhF74k2z / Android: https://t.co/uEMA2tCzxQ', '25/6/2014', 'tweet', 511, 1),
(512, '@misuzusenpai meu tablet quebrou mas ganhei celular novo, tenho que criar uma conta no xbox e conectar no celular pq é windows phone qqq', '20/6/2014', 'tweet', 512, 1),
(513, '@shhquiet_ e meu celular que é Windows Phone e eles NÃO VÃO LANÇAR A VERSÃO PRA WP? -.-', '26/6/2014', 'tweet', 513, 1),
(514, 'Testando o Windows Phone 8.1 no celular. Maravilha!', '26/6/2014', 'tweet', 514, 1),
(515, 'Bateria do meu celular tá durando o dia todo com o wi-fi ou 3G ligado direto. Ponto pro Windows Phone 8.1', '25/6/2014', 'tweet', 515, 1),
(516, 'Eu ia ganhar um celular hj ai já ia ser sexta , ai agr ja vai adiar de novo e nada de celular novo e nem da bateria do meu windows phone!', '25/6/2014', 'tweet', 516, 3),
(517, '@OneTelekinetic eu carrego meu celular 3 vezes por dia Android com essa bateria é foda sdds meu Windows phone', '25/6/2014', 'tweet', 517, 2),
(518, 'Tô colocando o Windows Phone 8.1 no celular da minha irmã, mas apareceu uma coisa diferente, tô achando que é a versão final com lumia cyan', '25/6/2014', 'tweet', 518, 1),
(519, 'Vou so ajeitar a tela do meu celular e ta bom msm, mudar de celular não eh cmg. Windows Phone> Android rsrsrsrs', '25/6/2014', 'tweet', 519, 3),
(520, 'Windows Phone 8.1 começa a chegar para alguns felizardos http://t.co/ZbSGk0yCVi', '25/6/2014', 'tweet', 520, 1),
(521, 'Só que dessa vez vou querer um celular mais simples, chega de iphone e windows phone é horrível', '25/6/2014', 'tweet', 521, 2),
(522, 'Preciso de um celular que tenha android agora que o meu quebrou... O outro tem windows phone e está cada vez melhor, mas sem Insta n róla!', '25/6/2014', 'tweet', 522, 1),
(523, 'Eu tenho um celular normal, um Android, um Windows Phone, e to vendo de comprar um LG com Android agora.', '25/6/2014', 'tweet', 523, 1),
(524, 'Preciso de um celular com Androide.... Me sinto desconectada com essa merda de Windows Phone', '25/6/2014', 'tweet', 524, 2),
(525, 'gente alguem ai sabe mudar a configuração de notificação de celular windows phone REMOTAMENTE para a função "push"  ?? ~me ajudem~ é urgente', '25/6/2014', 'tweet', 525, 2),
(526, 'Gostei de um vídeo @YouTube de @ileorju http://t.co/Q5CldYvHOB Como Desbloquear Celular o Tablet Android 2014 Con la Pc', '25/6/2014', 'tweet', 526, 1),
(527, 'Gostei de um vídeo @YouTube de @ileorju http://t.co/UyAX8StVci Como Desbloquear Celular o Tablet Android 2014 Con la Pc', '25/6/2014', 'tweet', 527, 1),
(528, 'Gostei de um vídeo @YouTube de @ileorju http://t.co/3xmO3Z8Erq Como Desbloquear Celular o Tablet Android 2014 Con la Pc', '25/6/2014', 'tweet', 528, 1),
(529, 'Google I/O de hoje: Android no celular, no tablet, no relógio, na TV, no carro, no computador, no fogão, na geladeira, na caneta bic, no cac', '25/6/2014', 'tweet', 529, 1),
(530, 'O Tablet Asus Livro V é um dispositivo de combinação que possui um celular com Android que se encaixa em um... http://t.co/Y6BCRYQ58y', '25/6/2014', 'tweet', 530, 1),
(531, 'O Tablet Asus Livro V é um dispositivo de combinação que possui um celular com Android que se encaixa em um... http://t.co/jwbnXpKPlS', '25/6/2014', 'tweet', 531, 1),
(532, 'Aplicativo Android para seu Celular ou Tablet, baixe em\nhttp://t.co/CaqwafZSOS\n\n#SSTALENT1D http://t.co/mj5KLNywsZ', '25/6/2014', 'tweet', 532, 1),
(533, 'INSTALAMOS APLICATIVOS NO SEU CELULAR  OU TABLET ANDROID.\nATUALIZAÇÃO DE APLICATIVOS\nATUALIZAÇÃO DE SISTEMA DO... http://t.co/PNtBCDOB13', '25/6/2014', 'tweet', 533, 1),
(534, 'Aplicativo Android para seu Celular ou Tablet, baixe em\nhttp://t.co/quXU89SLzO http://t.co/PY96voQnSk', '25/6/2014', 'tweet', 534, 1),
(535, '@phspedro É bom ter projetos novos em paralelo ao smartphone, o Android de celular/tablet tá num estágio bom já!', '25/6/2014', 'tweet', 535, 3),
(536, 'Já baixou nosso Aplicativo Android para seu Celular ou Tablet? Baixe em\nhttp://t.co/quXU89SLzO http://t.co/E2no6YOLw8', '25/6/2014', 'tweet', 536, 1),
(537, 'SO EU Q NA WHATS?NEM CELULAR EU TENHO COM ANDROID ''-''', '26/6/2014', 'tweet', 537, 1),
(538, 'Eu digito "corretor automático" o corretor sugere "seu celular é Android sua pobre"', '26/6/2014', 'tweet', 538, 1),
(539, 'Gostei de um vídeo @YouTube http://t.co/6YngS3ow3m baixar vídeos do You Tube pelo celular Android - Videoder', '26/6/2014', 'tweet', 539, 1),
(540, 'Eu digito "corretor automático" o corretor sugere "seu celular é Android sua pobre"', '26/6/2014', 'tweet', 540, 1),
(541, 'minha mae agora que compro celular com android fica me enchendo o saco querendo baixa as coisa', '26/6/2014', 'tweet', 541, 2),
(542, 'Baixe o app do nosso jornal, para Android e iOS, no celular ou tablet, e leia nossas edições na íntegra! http://t.co/ce0ZyKrV6m', '23/6/2014', 'tweet', 542, 1),
(543, 'Já baixou o App do Agenda Poker em seu tablet ou celular?\n\nDisponível nas versões Android e IOS, você poderá... http://t.co/I8AmSUzJ5E', '18/6/2014', 'tweet', 543, 1),
(544, 'Crl a porra do iOS apagou td do meu celular socorro', '26/6/2014', 'tweet', 544, 1),
(545, 'n sei se é ios ou se é meu celular msm', '26/6/2014', 'tweet', 545, 1),
(546, '#mobilidade Os melhores jogos para smartphone (Android e iOS) http://t.co/v2fus0txPV #smartphone #celular', '26/6/2014', 'tweet', 546, 1),
(547, '@thingsofbella snap pode ser para qualquer celular android ou iOs e creio que o BlackBerry também pode. Mesmo assim, não sabia que ele tinha', '25/6/2014', 'tweet', 547, 1),
(548, 'Tentando baixar versão antiga do iOS pra ver se consigo conectar wi-fi, pq o 3G não dá conta :( Como sou dependente de internet no celular..', '25/6/2014', 'tweet', 548, 1),
(549, 'essa nova interface do android não vem pro meu celular, já o iOS 8 vai ser lançado, e vai atualizar ATÉ OS IPHONE QUE TEM 2G', '25/6/2014', 'tweet', 549, 1),
(550, '@Marianasantosjb @catharinabfa eu ainda acho que você vai se arrepender se comprar outro celular que não seja iOS', '25/6/2014', 'tweet', 550, 1),
(551, 'Baixe o aplicativo do nosso site no seu celular! \nO app é disponível para iOS, Android, Nokia e Java.\n\nPara... http://t.co/bJyV0HlYKX', '25/6/2014', 'tweet', 551, 3),
(552, 'Vote pelo aplicativo do PJB no celular. Para quem tem iOS: https://t.co/asao1bKtKt', '25/6/2014', 'tweet', 552, 1),
(553, 'nossa só atualizei o ios do meu celular agora hahaha ficou ligeiro hein kk', '25/6/2014', 'tweet', 553, 1),
(554, 'Você que é parceiro da FS, já baixou o nosso app no seu celular? IOS: https://t.co/RmRhF74k2z / Android: https://t.co/uEMA2tCzxQ', '25/6/2014', 'tweet', 554, 1),
(555, '@misuzusenpai meu tablet quebrou mas ganhei celular novo, tenho que criar uma conta no xbox e conectar no celular pq é windows phone qqq', '20/6/2014', 'tweet', 555, 1),
(556, '@shhquiet_ e meu celular que é Windows Phone e eles NÃO VÃO LANÇAR A VERSÃO PRA WP? -.-', '26/6/2014', 'tweet', 556, 1),
(557, 'Testando o Windows Phone 8.1 no celular. Maravilha!', '26/6/2014', 'tweet', 557, 1),
(558, 'Bateria do meu celular tá durando o dia todo com o wi-fi ou 3G ligado direto. Ponto pro Windows Phone 8.1', '25/6/2014', 'tweet', 558, 1),
(559, 'Eu ia ganhar um celular hj ai já ia ser sexta , ai agr ja vai adiar de novo e nada de celular novo e nem da bateria do meu windows phone!', '25/6/2014', 'tweet', 559, 3),
(560, '@OneTelekinetic eu carrego meu celular 3 vezes por dia Android com essa bateria é foda sdds meu Windows phone', '25/6/2014', 'tweet', 560, 2),
(561, 'Tô colocando o Windows Phone 8.1 no celular da minha irmã, mas apareceu uma coisa diferente, tô achando que é a versão final com lumia cyan', '25/6/2014', 'tweet', 561, 1),
(562, 'Vou so ajeitar a tela do meu celular e ta bom msm, mudar de celular não eh cmg. Windows Phone> Android rsrsrsrs', '25/6/2014', 'tweet', 562, 3),
(563, 'Windows Phone 8.1 começa a chegar para alguns felizardos http://t.co/ZbSGk0yCVi', '25/6/2014', 'tweet', 563, 1),
(564, 'Só que dessa vez vou querer um celular mais simples, chega de iphone e windows phone é horrível', '25/6/2014', 'tweet', 564, 2),
(565, 'Preciso de um celular que tenha android agora que o meu quebrou... O outro tem windows phone e está cada vez melhor, mas sem Insta n róla!', '25/6/2014', 'tweet', 565, 1),
(566, 'Eu tenho um celular normal, um Android, um Windows Phone, e to vendo de comprar um LG com Android agora.', '25/6/2014', 'tweet', 566, 1),
(567, 'Preciso de um celular com Androide.... Me sinto desconectada com essa merda de Windows Phone', '25/6/2014', 'tweet', 567, 2),
(568, 'gente alguem ai sabe mudar a configuração de notificação de celular windows phone REMOTAMENTE para a função "push"  ?? ~me ajudem~ é urgente', '25/6/2014', 'tweet', 568, 2);

-- --------------------------------------------------------

--
-- Estrutura da tabela `Usuario`
--

CREATE TABLE IF NOT EXISTS `Usuario` (
  `idUsuario` int(11) NOT NULL AUTO_INCREMENT,
  `nomeUsuario` varchar(45) NOT NULL,
  `loginUsuario` varchar(45) NOT NULL,
  PRIMARY KEY (`idUsuario`)
) ENGINE=InnoDB  DEFAULT CHARSET=utf8 AUTO_INCREMENT=569 ;

--
-- Extraindo dados da tabela `Usuario`
--

INSERT INTO `Usuario` (`idUsuario`, `nomeUsuario`, `loginUsuario`) VALUES
(1, 'Carol', 'car0lzinha_k'),
(2, 'Richard Nichel', 'richardnichel'),
(3, 'Tango', 'tansoares'),
(4, 'ane', 'fckgharmony'),
(5, 'Joobs', 'juli0delucena'),
(6, 'Joobs', 'juli0delucena'),
(7, 'eliton ferreira', 'titobobinho'),
(8, 'Lukesito', 'markblackthornz'),
(9, 'Lukesito', 'markblackthornz'),
(10, 'Nayara Ruthe', 'NayaraRuthe'),
(11, 'é Débora, ', 'sa_porraae'),
(12, 'ID INFO Informática ', 'igor_idinfo'),
(13, 'Wanderson', 'Wandersoncravo'),
(14, '?ov??!c100?oç@o', 'demipaciencia9x'),
(15, 'Bebella', 'bellabarbalho'),
(16, 'Caio Camargo', 'games_caio'),
(17, ' iachinski', '1womaniz3r'),
(18, 'Bruno', 'bnenrique'),
(19, 'Bruna Ferreira', 'BruFeerreiira'),
(20, 'lare', 'idoluhan'),
(21, 'Wack ?', 'wackhustla'),
(22, 'teco', 'LygiaBessa'),
(23, 'Tudo Celular', 'Tudo_Celular'),
(24, 'Thay ', 'ithaami'),
(25, 'Santiago, Raull.', 'raullsantiago'),
(26, 'Cauê, do Yorozuya.', 'ucaue'),
(27, 'Jébs', 'jss_batis'),
(28, 'max', 'maxvictos'),
(29, 'lola ', 'uiheisbiba'),
(30, 'SpeedGamesXD', 'wesleypegorin'),
(31, ' GARDENAL GAMES', 'marciogardenal'),
(32, 'iury ', 'fla_iury'),
(33, 'Gustavo (...)', 'guhigashi'),
(34, 'dicas 24horas', 'dicas24horas'),
(35, 'BIG VIRTUAL ', 'bigvirtual'),
(36, 'Rádio Talent', 'radiotalentbr'),
(37, 'ELETRO-INFO MARAJO', 'INFOMARAJO'),
(38, 'Rádio Talent', 'radiotalentbr'),
(39, 'Walmyr Carvalho', 'walmyrcarvalho'),
(40, 'Rádio Talent', 'radiotalentbr'),
(41, 'Isa', 'WhatLovato_'),
(42, 'Loira ?', 'bolinhodetrufa'),
(43, 'dana', 'chumecity'),
(44, 'Wesley Belchior™', 'Wesley_Belchior'),
(45, 'Vitoria ', 'vitoriacs_'),
(46, 'Lucas Stein ? ?', 'LUCAS_STEIN_'),
(47, 'Lucas Stein ? ?', 'LUCAS_STEIN_'),
(48, 'Blog Zona Norte', 'bzonanorte'),
(49, 'Marcos Santos', 'MSony87'),
(50, 'Léo Menezes', 'LeoniMenezes'),
(51, 'BRAI LIGHTS DO SAITE', '_LarissaMonte'),
(52, 'Lari', '_larissamattos'),
(53, 'mandioca', 'amandaavasc'),
(54, 'pradorafa', 'rafaelprado0'),
(55, 'Phillip Phillips BR', 'PhillipsBrazil'),
(56, 'Melanie-se!', 'PJTmelaniese'),
(57, '', 'wasuptommo'),
(58, 'Fullscreen Brasil', 'Fullscreen_BR'),
(59, 'Mar0th', 'Mar0th'),
(60, 'whatever.', 'sincehairfIip'),
(61, 'BRAI LIGHTS DO SAITE', '_LarissaMonte'),
(62, 'Lari', '_larissamattos'),
(63, 'mandioca', 'amandaavasc'),
(64, 'pradorafa', 'rafaelprado0'),
(65, 'Phillip Phillips BR', 'PhillipsBrazil'),
(66, 'Melanie-se!', 'PJTmelaniese'),
(67, '', 'wasuptommo'),
(68, 'Fullscreen Brasil', 'Fullscreen_BR'),
(69, 'Mar0th', 'Mar0th'),
(70, 'whatever.', 'sincehairfIip'),
(71, 'Fabinho Lima', 'fa_binholima'),
(72, 'Bruno', 'bnenrique'),
(73, 'Bruna Ferreira', 'BruFeerreiira'),
(74, 'lare', 'idoluhan'),
(75, 'Wack ?', 'wackhustla'),
(76, 'teco', 'LygiaBessa'),
(77, 'Tudo Celular', 'Tudo_Celular'),
(78, 'Thay ', 'ithaami'),
(79, 'Santiago, Raull.', 'raullsantiago'),
(80, 'Cauê, do Yorozuya.', 'ucaue'),
(81, 'Jébs', 'jss_batis'),
(82, 'max', 'maxvictos'),
(83, 'LUANILDO', 'deozo'),
(84, 'SpeedGamesXD', 'wesleypegorin'),
(85, ' GARDENAL GAMES', 'marciogardenal'),
(86, 'iury ', 'fla_iury'),
(87, 'Gustavo (...)', 'guhigashi'),
(88, 'dicas 24horas', 'dicas24horas'),
(89, 'BIG VIRTUAL ', 'bigvirtual'),
(90, 'Rádio Talent', 'radiotalentbr'),
(91, 'ELETRO-INFO MARAJO', 'INFOMARAJO'),
(92, 'Rádio Talent', 'radiotalentbr'),
(93, 'Walmyr Carvalho', 'walmyrcarvalho'),
(94, 'Rádio Talent', 'radiotalentbr'),
(95, 'SpeedGamesXD', 'wesleypegorin'),
(96, ' GARDENAL GAMES', 'marciogardenal'),
(97, 'iury ', 'fla_iury'),
(98, 'Gustavo (...)', 'guhigashi'),
(99, 'dicas 24horas', 'dicas24horas'),
(100, 'BIG VIRTUAL ', 'bigvirtual'),
(101, 'Rádio Talent', 'radiotalentbr'),
(102, 'ELETRO-INFO MARAJO', 'INFOMARAJO'),
(103, 'Rádio Talent', 'radiotalentbr'),
(104, 'Walmyr Carvalho', 'walmyrcarvalho'),
(105, 'Rádio Talent', 'radiotalentbr'),
(106, 'thallita¿', 'tomlinxso'),
(107, 'Anne Magalhaes', 'Ladymsr'),
(108, 'Bárbara', 'letskilltonight'),
(109, 'Revista WWW', 'RevistaWWW'),
(110, 'Yury Ferreira', 'oO_yury'),
(111, 'Bira', 'febiribilli'),
(112, 'InteraçãoDiagnóstica', 'IntDiagnostica'),
(113, '?? Agenda Poker ??', 'AgendaPoker_BR'),
(114, 'Revista WWW', 'RevistaWWW'),
(115, 'BRAI LIGHTS DO SAITE', '_LarissaMonte'),
(116, 'Lari', '_larissamattos'),
(117, 'mandioca', 'amandaavasc'),
(118, 'pradorafa', 'rafaelprado0'),
(119, 'Phillip Phillips BR', 'PhillipsBrazil'),
(120, 'Melanie-se!', 'PJTmelaniese'),
(121, '', 'wasuptommo'),
(122, 'Fullscreen Brasil', 'Fullscreen_BR'),
(123, 'Mar0th', 'Mar0th'),
(124, ' Lorena Lorençato', 'Lorenalorencato'),
(125, 'Lulu', 'ukwonight'),
(126, 'Fabinho Lima', 'fa_binholima'),
(127, 'Bruno', 'bnenrique'),
(128, 'Bruna Ferreira', 'BruFeerreiira'),
(129, 'lare', 'idoluhan'),
(130, 'Wack ?', 'wackhustla'),
(131, 'teco', 'LygiaBessa'),
(132, 'Tudo Celular', 'Tudo_Celular'),
(133, 'Thay ', 'ithaami'),
(134, 'Santiago, Raull.', 'raullsantiago'),
(135, 'Cauê, do Yorozuya.', 'ucaue'),
(136, 'Jébs', 'jss_batis'),
(137, 'max', 'maxvictos'),
(138, 'SpeedGamesXD', 'wesleypegorin'),
(139, ' GARDENAL GAMES', 'marciogardenal'),
(140, 'iury ', 'fla_iury'),
(141, 'Gustavo (...)', 'guhigashi'),
(142, 'dicas 24horas', 'dicas24horas'),
(143, 'BIG VIRTUAL ', 'bigvirtual'),
(144, 'Rádio Talent', 'radiotalentbr'),
(145, 'ELETRO-INFO MARAJO', 'INFOMARAJO'),
(146, 'Rádio Talent', 'radiotalentbr'),
(147, 'Walmyr Carvalho', 'walmyrcarvalho'),
(148, 'Rádio Talent', 'radiotalentbr'),
(149, 'thallita¿', 'tomlinxso'),
(150, 'Anne Magalhaes', 'Ladymsr'),
(151, 'Bárbara', 'letskilltonight'),
(152, 'Revista WWW', 'RevistaWWW'),
(153, 'Yury Ferreira', 'oO_yury'),
(154, 'Bira', 'febiribilli'),
(155, 'InteraçãoDiagnóstica', 'IntDiagnostica'),
(156, '?? Agenda Poker ??', 'AgendaPoker_BR'),
(157, 'Revista WWW', 'RevistaWWW'),
(158, 'BRAI LIGHTS DO SAITE', '_LarissaMonte'),
(159, 'Lari', '_larissamattos'),
(160, 'mandioca', 'amandaavasc'),
(161, 'pradorafa', 'rafaelprado0'),
(162, 'Phillip Phillips BR', 'PhillipsBrazil'),
(163, 'Melanie-se!', 'PJTmelaniese'),
(164, '', 'wasuptommo'),
(165, 'Fullscreen Brasil', 'Fullscreen_BR'),
(166, 'Mar0th', 'Mar0th'),
(167, 'Lulu', 'ukwonight'),
(168, 'Fabinho Lima', 'fa_binholima'),
(169, 'Bruno', 'bnenrique'),
(170, 'Bruna Ferreira', 'BruFeerreiira'),
(171, 'lare', 'idoluhan'),
(172, 'Wack ?', 'wackhustla'),
(173, 'teco', 'LygiaBessa'),
(174, 'Tudo Celular', 'Tudo_Celular'),
(175, 'Thay ', 'ithaami'),
(176, 'Santiago, Raull.', 'raullsantiago'),
(177, 'Cauê, do Yorozuya.', 'ucaue'),
(178, 'Jébs', 'jss_batis'),
(179, 'max', 'maxvictos'),
(180, 'SpeedGamesXD', 'wesleypegorin'),
(181, ' GARDENAL GAMES', 'marciogardenal'),
(182, 'iury ', 'fla_iury'),
(183, 'Gustavo (...)', 'guhigashi'),
(184, 'dicas 24horas', 'dicas24horas'),
(185, 'BIG VIRTUAL ', 'bigvirtual'),
(186, 'Rádio Talent', 'radiotalentbr'),
(187, 'ELETRO-INFO MARAJO', 'INFOMARAJO'),
(188, 'Rádio Talent', 'radiotalentbr'),
(189, 'Walmyr Carvalho', 'walmyrcarvalho'),
(190, 'Rádio Talent', 'radiotalentbr'),
(191, 'thallita¿', 'tomlinxso'),
(192, 'Anne Magalhaes', 'Ladymsr'),
(193, 'Bárbara', 'letskilltonight'),
(194, 'Revista WWW', 'RevistaWWW'),
(195, 'Yury Ferreira', 'oO_yury'),
(196, 'Bira', 'febiribilli'),
(197, 'InteraçãoDiagnóstica', 'IntDiagnostica'),
(198, '?? Agenda Poker ??', 'AgendaPoker_BR'),
(199, 'Revista WWW', 'RevistaWWW'),
(200, 'BRAI LIGHTS DO SAITE', '_LarissaMonte'),
(201, 'Lari', '_larissamattos'),
(202, 'mandioca', 'amandaavasc'),
(203, 'pradorafa', 'rafaelprado0'),
(204, 'Phillip Phillips BR', 'PhillipsBrazil'),
(205, 'Melanie-se!', 'PJTmelaniese'),
(206, '', 'wasuptommo'),
(207, 'Fullscreen Brasil', 'Fullscreen_BR'),
(208, 'Mar0th', 'Mar0th'),
(209, 'Lulu', 'ukwonight'),
(210, 'Fabinho Lima', 'fa_binholima'),
(211, 'Bruno', 'bnenrique'),
(212, 'Bruna Ferreira', 'BruFeerreiira'),
(213, 'lare', 'idoluhan'),
(214, 'Wack ?', 'wackhustla'),
(215, 'teco', 'LygiaBessa'),
(216, 'Tudo Celular', 'Tudo_Celular'),
(217, 'Thay ', 'ithaami'),
(218, 'Santiago, Raull.', 'raullsantiago'),
(219, 'Cauê, do Yorozuya.', 'ucaue'),
(220, 'Jébs', 'jss_batis'),
(221, 'max', 'maxvictos'),
(222, 'SpeedGamesXD', 'wesleypegorin'),
(223, ' GARDENAL GAMES', 'marciogardenal'),
(224, 'iury ', 'fla_iury'),
(225, 'Gustavo (...)', 'guhigashi'),
(226, 'dicas 24horas', 'dicas24horas'),
(227, 'BIG VIRTUAL ', 'bigvirtual'),
(228, 'Rádio Talent', 'radiotalentbr'),
(229, 'ELETRO-INFO MARAJO', 'INFOMARAJO'),
(230, 'Rádio Talent', 'radiotalentbr'),
(231, 'Walmyr Carvalho', 'walmyrcarvalho'),
(232, 'Rádio Talent', 'radiotalentbr'),
(233, 'thallita¿', 'tomlinxso'),
(234, 'Anne Magalhaes', 'Ladymsr'),
(235, 'Bárbara', 'letskilltonight'),
(236, 'Revista WWW', 'RevistaWWW'),
(237, 'Yury Ferreira', 'oO_yury'),
(238, 'Bira', 'febiribilli'),
(239, 'InteraçãoDiagnóstica', 'IntDiagnostica'),
(240, '?? Agenda Poker ??', 'AgendaPoker_BR'),
(241, 'Revista WWW', 'RevistaWWW'),
(242, 'BRAI LIGHTS DO SAITE', '_LarissaMonte'),
(243, 'Lari', '_larissamattos'),
(244, 'mandioca', 'amandaavasc'),
(245, 'pradorafa', 'rafaelprado0'),
(246, 'Phillip Phillips BR', 'PhillipsBrazil'),
(247, 'Melanie-se!', 'PJTmelaniese'),
(248, '', 'wasuptommo'),
(249, 'Fullscreen Brasil', 'Fullscreen_BR'),
(250, 'Mar0th', 'Mar0th'),
(251, 'Marisa Neute Borges', 'MariNeute'),
(252, 'Lulu', 'ukwonight'),
(253, 'Fabinho Lima', 'fa_binholima'),
(254, 'Bruno', 'bnenrique'),
(255, 'Bruna Ferreira', 'BruFeerreiira'),
(256, 'lare', 'idoluhan'),
(257, 'Wack ?', 'wackhustla'),
(258, 'teco', 'LygiaBessa'),
(259, 'Tudo Celular', 'Tudo_Celular'),
(260, 'Thay ', 'ithaami'),
(261, 'Santiago, Raull.', 'raullsantiago'),
(262, 'Cauê, do Yorozuya.', 'ucaue'),
(263, 'Jébs', 'jss_batis'),
(264, 'max', 'maxvictos'),
(265, 'SpeedGamesXD', 'wesleypegorin'),
(266, ' GARDENAL GAMES', 'marciogardenal'),
(267, 'iury ', 'fla_iury'),
(268, 'Gustavo (...)', 'guhigashi'),
(269, 'dicas 24horas', 'dicas24horas'),
(270, 'BIG VIRTUAL ', 'bigvirtual'),
(271, 'Rádio Talent', 'radiotalentbr'),
(272, 'ELETRO-INFO MARAJO', 'INFOMARAJO'),
(273, 'Rádio Talent', 'radiotalentbr'),
(274, 'Walmyr Carvalho', 'walmyrcarvalho'),
(275, 'Rádio Talent', 'radiotalentbr'),
(276, 'Ramuz Na Copa', 'porramuz'),
(277, 'thallita¿', 'tomlinxso'),
(278, 'Anne Magalhaes', 'Ladymsr'),
(279, 'Bárbara', 'letskilltonight'),
(280, 'Revista WWW', 'RevistaWWW'),
(281, 'Yury Ferreira', 'oO_yury'),
(282, 'Bira', 'febiribilli'),
(283, 'InteraçãoDiagnóstica', 'IntDiagnostica'),
(284, '?? Agenda Poker ??', 'AgendaPoker_BR'),
(285, 'Revista WWW', 'RevistaWWW'),
(286, 'BRAI LIGHTS DO SAITE', '_LarissaMonte'),
(287, 'Lari', '_larissamattos'),
(288, 'mandioca', 'amandaavasc'),
(289, 'pradorafa', 'rafaelprado0'),
(290, 'Phillip Phillips BR', 'PhillipsBrazil'),
(291, 'Melanie-se!', 'PJTmelaniese'),
(292, '', 'wasuptommo'),
(293, 'Fullscreen Brasil', 'Fullscreen_BR'),
(294, 'Mar0th', 'Mar0th'),
(295, 'Lulu', 'ukwonight'),
(296, 'Fabinho Lima', 'fa_binholima'),
(297, 'Bruno', 'bnenrique'),
(298, 'Bruna Ferreira', 'BruFeerreiira'),
(299, 'lare', 'idoluhan'),
(300, 'Wack ?', 'wackhustla'),
(301, 'teco', 'LygiaBessa'),
(302, 'Tudo Celular', 'Tudo_Celular'),
(303, 'Thay ', 'ithaami'),
(304, 'Santiago, Raull.', 'raullsantiago'),
(305, 'Cauê, do Yorozuya.', 'ucaue'),
(306, 'Jébs', 'jss_batis'),
(307, 'max', 'maxvictos'),
(308, 'SpeedGamesXD', 'wesleypegorin'),
(309, ' GARDENAL GAMES', 'marciogardenal'),
(310, 'iury ', 'fla_iury'),
(311, 'Gustavo (...)', 'guhigashi'),
(312, 'dicas 24horas', 'dicas24horas'),
(313, 'BIG VIRTUAL ', 'bigvirtual'),
(314, 'Rádio Talent', 'radiotalentbr'),
(315, 'ELETRO-INFO MARAJO', 'INFOMARAJO'),
(316, 'Rádio Talent', 'radiotalentbr'),
(317, 'Walmyr Carvalho', 'walmyrcarvalho'),
(318, 'Rádio Talent', 'radiotalentbr'),
(319, 'Alison Henrique ', 'alisoncubo'),
(320, 'Ramuz Na Copa', 'porramuz'),
(321, 'thallita¿', 'tomlinxso'),
(322, 'Anne Magalhaes', 'Ladymsr'),
(323, 'Bárbara', 'letskilltonight'),
(324, 'Revista WWW', 'RevistaWWW'),
(325, 'InteraçãoDiagnóstica', 'IntDiagnostica'),
(326, '?? Agenda Poker ??', 'AgendaPoker_BR'),
(327, 'tk', 'AnaisaCrosara'),
(328, 'Revista WWW', 'RevistaWWW'),
(329, 'BRAI LIGHTS DO SAITE', '_LarissaMonte'),
(330, 'Lari', '_larissamattos'),
(331, 'mandioca', 'amandaavasc'),
(332, 'pradorafa', 'rafaelprado0'),
(333, 'Phillip Phillips BR', 'PhillipsBrazil'),
(334, 'Melanie-se!', 'PJTmelaniese'),
(335, '', 'wasuptommo'),
(336, 'Fullscreen Brasil', 'Fullscreen_BR'),
(337, 'Mar0th', 'Mar0th'),
(338, 'Nathalia Dias ', 'NathaliaDiiass'),
(339, 'Lulu', 'ukwonight'),
(340, 'Fabinho Lima', 'fa_binholima'),
(341, 'Bruno', 'bnenrique'),
(342, 'Bruna Ferreira', 'BruFeerreiira'),
(343, 'lare', 'idoluhan'),
(344, 'Wack ?', 'wackhustla'),
(345, 'teco', 'LygiaBessa'),
(346, 'Tudo Celular', 'Tudo_Celular'),
(347, 'Thay ', 'ithaami'),
(348, 'Santiago, Raull.', 'raullsantiago'),
(349, 'Cauê, do Yorozuya.', 'ucaue'),
(350, 'Jébs', 'jss_batis'),
(351, 'max', 'maxvictos'),
(352, 'SpeedGamesXD', 'wesleypegorin'),
(353, ' GARDENAL GAMES', 'marciogardenal'),
(354, 'iury ', 'fla_iury'),
(355, 'Gustavo (...)', 'guhigashi'),
(356, 'dicas 24horas', 'dicas24horas'),
(357, 'BIG VIRTUAL ', 'bigvirtual'),
(358, 'Rádio Talent', 'radiotalentbr'),
(359, 'ELETRO-INFO MARAJO', 'INFOMARAJO'),
(360, 'Rádio Talent', 'radiotalentbr'),
(361, 'Walmyr Carvalho', 'walmyrcarvalho'),
(362, 'Rádio Talent', 'radiotalentbr'),
(363, 'Alison Henrique ', 'alisoncubo'),
(364, 'Ramuz Na Copa', 'porramuz'),
(365, 'thallita¿', 'tomlinxso'),
(366, 'Anne Magalhaes', 'Ladymsr'),
(367, 'Bárbara', 'letskilltonight'),
(368, 'Revista WWW', 'RevistaWWW'),
(369, 'InteraçãoDiagnóstica', 'IntDiagnostica'),
(370, '?? Agenda Poker ??', 'AgendaPoker_BR'),
(371, 'lucas', 'porr4_mendes'),
(372, 'tk', 'AnaisaCrosara'),
(373, 'Revista WWW', 'RevistaWWW'),
(374, 'BRAI LIGHTS DO SAITE', '_LarissaMonte'),
(375, 'Lari', '_larissamattos'),
(376, 'mandioca', 'amandaavasc'),
(377, 'pradorafa', 'rafaelprado0'),
(378, 'Phillip Phillips BR', 'PhillipsBrazil'),
(379, 'Melanie-se!', 'PJTmelaniese'),
(380, '', 'wasuptommo'),
(381, 'Fullscreen Brasil', 'Fullscreen_BR'),
(382, 'Henrique', 'henricrarei'),
(383, 'Lulu', 'ukwonight'),
(384, 'Fabinho Lima', 'fa_binholima'),
(385, 'Bruno', 'bnenrique'),
(386, 'Bruna Ferreira', 'BruFeerreiira'),
(387, 'lare', 'idoluhan'),
(388, 'Wack ?', 'wackhustla'),
(389, 'teco', 'LygiaBessa'),
(390, 'Tudo Celular', 'Tudo_Celular'),
(391, 'Thay ', 'ithaami'),
(392, 'Santiago, Raull.', 'raullsantiago'),
(393, 'Cauê, do Yorozuya.', 'ucaue'),
(394, 'Jébs', 'jss_batis'),
(395, 'max', 'maxvictos'),
(396, 'SpeedGamesXD', 'wesleypegorin'),
(397, ' GARDENAL GAMES', 'marciogardenal'),
(398, 'iury ', 'fla_iury'),
(399, 'Gustavo (...)', 'guhigashi'),
(400, 'dicas 24horas', 'dicas24horas'),
(401, 'BIG VIRTUAL ', 'bigvirtual'),
(402, 'Rádio Talent', 'radiotalentbr'),
(403, 'ELETRO-INFO MARAJO', 'INFOMARAJO'),
(404, 'Rádio Talent', 'radiotalentbr'),
(405, 'Walmyr Carvalho', 'walmyrcarvalho'),
(406, 'Rádio Talent', 'radiotalentbr'),
(407, 'Alison Henrique ', 'alisoncubo'),
(408, 'Ramuz Na Copa', 'porramuz'),
(409, 'thallita¿', 'tomlinxso'),
(410, 'Anne Magalhaes', 'Ladymsr'),
(411, 'Bárbara', 'letskilltonight'),
(412, 'InteraçãoDiagnóstica', 'IntDiagnostica'),
(413, '?? Agenda Poker ??', 'AgendaPoker_BR'),
(414, 'lucas', 'porr4_mendes'),
(415, 'tk', 'AnaisaCrosara'),
(416, 'Revista WWW', 'RevistaWWW'),
(417, 'BRAI LIGHTS DO SAITE', '_LarissaMonte'),
(418, 'Lari', '_larissamattos'),
(419, 'mandioca', 'amandaavasc'),
(420, 'pradorafa', 'rafaelprado0'),
(421, 'Phillip Phillips BR', 'PhillipsBrazil'),
(422, 'Melanie-se!', 'PJTmelaniese'),
(423, '', 'wasuptommo'),
(424, 'Fullscreen Brasil', 'Fullscreen_BR'),
(425, 'Ana Luiza Sampaio', 'Analups'),
(426, 'Lulu', 'ukwonight'),
(427, 'Keelvin :3', 'Keelvinzitow'),
(428, 'Fabinho Lima', 'fa_binholima'),
(429, 'Bruno', 'bnenrique'),
(430, 'Bruna Ferreira', 'BruFeerreiira'),
(431, 'lare', 'idoluhan'),
(432, 'Wack ?', 'wackhustla'),
(433, 'teco', 'LygiaBessa'),
(434, 'Tudo Celular', 'Tudo_Celular'),
(435, 'Thay ', 'ithaami'),
(436, 'Santiago, Raull.', 'raullsantiago'),
(437, 'Cauê, do Yorozuya.', 'ucaue'),
(438, 'Jébs', 'jss_batis'),
(439, 'max', 'maxvictos'),
(440, 'SpeedGamesXD', 'wesleypegorin'),
(441, ' GARDENAL GAMES', 'marciogardenal'),
(442, 'iury ', 'fla_iury'),
(443, 'Gustavo (...)', 'guhigashi'),
(444, 'dicas 24horas', 'dicas24horas'),
(445, 'BIG VIRTUAL ', 'bigvirtual'),
(446, 'Rádio Talent', 'radiotalentbr'),
(447, 'ELETRO-INFO MARAJO', 'INFOMARAJO'),
(448, 'Rádio Talent', 'radiotalentbr'),
(449, 'Walmyr Carvalho', 'walmyrcarvalho'),
(450, 'Rádio Talent', 'radiotalentbr'),
(451, 'gabii ''-''', 'pandi48059335'),
(452, 'Brê ?', 'ousada_aa'),
(453, 'Alison Henrique ', 'alisoncubo'),
(454, 'Ramuz Na Copa', 'porramuz'),
(455, 'thallita¿', 'tomlinxso'),
(456, 'InteraçãoDiagnóstica', 'IntDiagnostica'),
(457, '?? Agenda Poker ??', 'AgendaPoker_BR'),
(458, 'lucas', 'porr4_mendes'),
(459, 'tk', 'AnaisaCrosara'),
(460, 'Revista WWW', 'RevistaWWW'),
(461, 'BRAI LIGHTS DO SAITE', '_LarissaMonte'),
(462, 'Lari', '_larissamattos'),
(463, 'mandioca', 'amandaavasc'),
(464, 'pradorafa', 'rafaelprado0'),
(465, 'Phillip Phillips BR', 'PhillipsBrazil'),
(466, 'Melanie-se!', 'PJTmelaniese'),
(467, '', 'wasuptommo'),
(468, 'Fullscreen Brasil', 'Fullscreen_BR'),
(469, 'Lulu', 'ukwonight'),
(470, 'Keelvin :3', 'Keelvinzitow'),
(471, 'Fabinho Lima', 'fa_binholima'),
(472, 'Bruno', 'bnenrique'),
(473, 'Bruna Ferreira', 'BruFeerreiira'),
(474, 'lare', 'idoluhan'),
(475, 'Wack ?', 'wackhustla'),
(476, 'teco', 'LygiaBessa'),
(477, 'Tudo Celular', 'Tudo_Celular'),
(478, 'Thay ', 'ithaami'),
(479, 'Santiago, Raull.', 'raullsantiago'),
(480, 'Cauê, do Yorozuya.', 'ucaue'),
(481, 'Jébs', 'jss_batis'),
(482, 'max', 'maxvictos'),
(483, 'SpeedGamesXD', 'wesleypegorin'),
(484, ' GARDENAL GAMES', 'marciogardenal'),
(485, 'iury ', 'fla_iury'),
(486, 'Gustavo (...)', 'guhigashi'),
(487, 'dicas 24horas', 'dicas24horas'),
(488, 'BIG VIRTUAL ', 'bigvirtual'),
(489, 'Rádio Talent', 'radiotalentbr'),
(490, 'ELETRO-INFO MARAJO', 'INFOMARAJO'),
(491, 'Rádio Talent', 'radiotalentbr'),
(492, 'Walmyr Carvalho', 'walmyrcarvalho'),
(493, 'Rádio Talent', 'radiotalentbr'),
(494, 'gabii ''-''', 'pandi48059335'),
(495, 'Brê ?', 'ousada_aa'),
(496, 'Alison Henrique ', 'alisoncubo'),
(497, 'Ramuz Na Copa', 'porramuz'),
(498, 'thallita¿', 'tomlinxso'),
(499, 'InteraçãoDiagnóstica', 'IntDiagnostica'),
(500, '?? Agenda Poker ??', 'AgendaPoker_BR'),
(501, 'lucas', 'porr4_mendes'),
(502, 'tk', 'AnaisaCrosara'),
(503, 'Revista WWW', 'RevistaWWW'),
(504, 'BRAI LIGHTS DO SAITE', '_LarissaMonte'),
(505, 'Lari', '_larissamattos'),
(506, 'mandioca', 'amandaavasc'),
(507, 'pradorafa', 'rafaelprado0'),
(508, 'Phillip Phillips BR', 'PhillipsBrazil'),
(509, 'Melanie-se!', 'PJTmelaniese'),
(510, '', 'wasuptommo'),
(511, 'Fullscreen Brasil', 'Fullscreen_BR'),
(512, 'Lulu', 'ukwonight'),
(513, 'Keelvin :3', 'Keelvinzitow'),
(514, 'Fabinho Lima', 'fa_binholima'),
(515, 'Bruno', 'bnenrique'),
(516, 'Bruna Ferreira', 'BruFeerreiira'),
(517, 'lare', 'idoluhan'),
(518, 'Wack ?', 'wackhustla'),
(519, 'teco', 'LygiaBessa'),
(520, 'Tudo Celular', 'Tudo_Celular'),
(521, 'Thay ', 'ithaami'),
(522, 'Santiago, Raull.', 'raullsantiago'),
(523, 'Cauê, do Yorozuya.', 'ucaue'),
(524, 'Jébs', 'jss_batis'),
(525, 'max', 'maxvictos'),
(526, 'SpeedGamesXD', 'wesleypegorin'),
(527, ' GARDENAL GAMES', 'marciogardenal'),
(528, 'iury ', 'fla_iury'),
(529, 'Gustavo (...)', 'guhigashi'),
(530, 'dicas 24horas', 'dicas24horas'),
(531, 'BIG VIRTUAL ', 'bigvirtual'),
(532, 'Rádio Talent', 'radiotalentbr'),
(533, 'ELETRO-INFO MARAJO', 'INFOMARAJO'),
(534, 'Rádio Talent', 'radiotalentbr'),
(535, 'Walmyr Carvalho', 'walmyrcarvalho'),
(536, 'Rádio Talent', 'radiotalentbr'),
(537, 'gabii ''-''', 'pandi48059335'),
(538, 'Brê ?', 'ousada_aa'),
(539, 'Alison Henrique ', 'alisoncubo'),
(540, 'Ramuz Na Copa', 'porramuz'),
(541, 'thallita¿', 'tomlinxso'),
(542, 'InteraçãoDiagnóstica', 'IntDiagnostica'),
(543, '?? Agenda Poker ??', 'AgendaPoker_BR'),
(544, 'lucas', 'porr4_mendes'),
(545, 'tk', 'AnaisaCrosara'),
(546, 'Revista WWW', 'RevistaWWW'),
(547, 'BRAI LIGHTS DO SAITE', '_LarissaMonte'),
(548, 'Lari', '_larissamattos'),
(549, 'mandioca', 'amandaavasc'),
(550, 'pradorafa', 'rafaelprado0'),
(551, 'Phillip Phillips BR', 'PhillipsBrazil'),
(552, 'Melanie-se!', 'PJTmelaniese'),
(553, '', 'wasuptommo'),
(554, 'Fullscreen Brasil', 'Fullscreen_BR'),
(555, 'Lulu', 'ukwonight'),
(556, 'Keelvin :3', 'Keelvinzitow'),
(557, 'Fabinho Lima', 'fa_binholima'),
(558, 'Bruno', 'bnenrique'),
(559, 'Bruna Ferreira', 'BruFeerreiira'),
(560, 'lare', 'idoluhan'),
(561, 'Wack ?', 'wackhustla'),
(562, 'teco', 'LygiaBessa'),
(563, 'Tudo Celular', 'Tudo_Celular'),
(564, 'Thay ', 'ithaami'),
(565, 'Santiago, Raull.', 'raullsantiago'),
(566, 'Cauê, do Yorozuya.', 'ucaue'),
(567, 'Jébs', 'jss_batis'),
(568, 'max', 'maxvictos');

--
-- Restrições para as tabelas dumpadas
--

--
-- Restrições para a tabela `Favorito`
--
ALTER TABLE `Favorito`
  ADD CONSTRAINT `fk_Favorito_Tweet1` FOREIGN KEY (`Tweet_idTweet`) REFERENCES `Tweet` (`idTweet`) ON DELETE NO ACTION ON UPDATE NO ACTION,
  ADD CONSTRAINT `fk_Favorito_Usuario1` FOREIGN KEY (`Usuario_idUsuario`) REFERENCES `Usuario` (`idUsuario`) ON DELETE NO ACTION ON UPDATE NO ACTION;

--
-- Restrições para a tabela `Hashtag_has_Tweet`
--
ALTER TABLE `Hashtag_has_Tweet`
  ADD CONSTRAINT `fk_Hashtag_has_Tweet_Hashtag1` FOREIGN KEY (`Hashtag_idHashtag`) REFERENCES `Hashtag` (`idHashtag`) ON DELETE NO ACTION ON UPDATE NO ACTION,
  ADD CONSTRAINT `fk_Hashtag_has_Tweet_Tweet1` FOREIGN KEY (`Tweet_idTweet`) REFERENCES `Tweet` (`idTweet`) ON DELETE NO ACTION ON UPDATE NO ACTION;

--
-- Restrições para a tabela `Local`
--
ALTER TABLE `Local`
  ADD CONSTRAINT `fk_Local_Tweet1` FOREIGN KEY (`Tweet_idTweet`) REFERENCES `Tweet` (`idTweet`) ON DELETE NO ACTION ON UPDATE NO ACTION;

--
-- Restrições para a tabela `Tweet`
--
ALTER TABLE `Tweet`
  ADD CONSTRAINT `fk_Tweet_Usuario1` FOREIGN KEY (`Usuario_idUsuario`) REFERENCES `Usuario` (`idUsuario`) ON DELETE NO ACTION ON UPDATE NO ACTION,
  ADD CONSTRAINT `fk_Tweet_Sentimento1` FOREIGN KEY (`Sentimento_idSentimento`) REFERENCES `Sentimento` (`idSentimento`) ON DELETE NO ACTION ON UPDATE NO ACTION;

/*!40101 SET CHARACTER_SET_CLIENT=@OLD_CHARACTER_SET_CLIENT */;
/*!40101 SET CHARACTER_SET_RESULTS=@OLD_CHARACTER_SET_RESULTS */;
/*!40101 SET COLLATION_CONNECTION=@OLD_COLLATION_CONNECTION */;
